Iteration,xn,fxn,dfxn,Error
0,6,216,108.00000211475,1.0005
1,4.00000003916203,64.0000018797776,48.0000022662352,0.499999985314238
2,2.66666672961764,18.9629643059172,21.3333350984612,0.499999979275838
3,1.77777785132477,5.61865639006426,9.48148280777161,0.49999997335465
4,1.18518526807831,1.66478722123092,4.21399271699485,0.499999957143663
5,0.790123545613322,0.493270350628248,1.87288588804346,0.499999936286332
6,0.526749063602808,0.14615420559434,0.832393885485949,0.499999905475122
7,0.35116607561748,0.0433049620939376,0.369952943349294,0.499999858120089
8,0.234110750413456,0.0128311053607651,0.164423600620273,0.499999786414321
9,0.156073866946843,0.00380181143201863,0.0730772026572013,0.49999967959525
10,0.104049277967259,0.00112646372923652,0.0324787879511963,0.499999519419576
11,0.0693662186446889,0.00033376751204972,0.0144350376774351,0.499999279191296
12,0.0462441790970217,9.88942915002259e-05,0.00641558617456338,0.499998918764596
13,0.0308294860651794,2.93021073434024e-05,0.00285138088199744,0.499998378151769
14,0.0205530240434254,8.68214812210287e-06,0.00126728655789615,0.49999756726998
15,0.0137020493621218,2.57250710695379e-06,0.000563242580788371,0.499996350928538
16,0.0091347329078987,7.6223267224471e-07,0.000250332776324813,0.499994526416175
17,0.00608985527167701,2.25850426287138e-07,0.000111260838656781,0.499991789687179
18,0.00405993684742493,6.69202931032173e-08,4.94504796063805e-05,0.499987684670412
19,0.00270665789773841,1.98289675722462e-08,2.19788029334918e-05,0.499981527335714
20,0.00180447193100269,5.87557524887776e-09,9.76889820091248e-06,0.499972291746542
21,0.0012030146194372,1.74105589991461e-09,4.34209343812618e-06,0.499958439280535
22,0.0008020430777778,5.15932735861858e-10,1.93005991875605e-06,0.499937662663157
23,0.000534728715747846,1.52897548095025e-10,8.57964826950164e-07,0.499906502414222
24,0.000356519139676371,4.53156850303968e-11,3.81424656608678e-07,0.499859772558757
25,0.000237712753552025,1.34325185254145e-11,1.69593383429923e-07,0.499789701432005
26,0.000158508493021632,3.98251675073719e-12,7.5422389627876e-08,0.49968464793608
27,0.000105705647999267,1.18112150976162e-12,3.35527737512351e-08,0.499527187258071
28,7.05037443200473e-05,3.50458458585414e-13,1.49334950127365e-08,0.499291264864211
29,4.70357980498329e-05,1.0406041441367e-13,6.6512196339691e-09,0.498937984327403
30,3.13904848380705e-05,3.0931007820679e-14,2.9655147605589e-09,0.498409415861832
31,2.09602525451618e-05,9.20851358564404e-15,1.32429463603442e-09,0.497619590719882
32,1.40067292618396e-05,2.74795870815091e-15,5.92777412621976e-10,0.496441614122337
33,9.3709947523276e-06,8.22918989328626e-16,2.66267926370154e-10,0.494689692186684
34,6.28042729064751e-06,2.47723710418252e-16,1.20225429046524e-10,0.492095094593707
35,4.21993382946477e-06,7.5147912881353e-17,5.46995047240228e-11,0.488276248977128
36,2.84610214194768e-06,2.30542737873815e-17,2.51647228497818e-11,0.482706388948124
37,1.92996752266331e-06,7.18869408161284e-18,1.17633141724045e-11,0.474689137784103
38,1.31885623410513e-06,2.29399448589173e-18,5.62380216894542e-12,0.463364597865236
39,9.10948129058486e-07,7.559288920023e-19,2.77276392022301e-12,0.447784118584488
40,6.38321640200574e-07,2.60087035182612e-19,1.42386004110523e-12,0.427098928954135
41,4.5565829712317e-07,9.46058187007639e-20,7.69570940348512e-13,0.400877903970283
42,3.3272509663366e-07,3.68346611973439e-20,4.41935498779734e-13,0.36947378401354
43,2.49376596006191e-07,1.55084029832903e-20,2.71379038708761e-13,0.334227437387111
44,1.92229945855611e-07,7.10334864027769e-21,1.78526040007636e-13,0.297282766720979
45,1.52441080097014e-07,3.5424689450504e-21,1.25447172732537e-13,0.261011439523224
46,1.24202349260065e-07,1.91597320657647e-21,9.35393754631766e-14,0.227360682025594
47,1.03719283202704e-07,1.11577986543946e-21,7.33888540850597e-14,0.197485611401007
48,8.85156139350764e-08,6.93521066460377e-22,6.00597259114334e-14,0.171762569243201
49,7.69684239348577e-08,4.55971586815894e-22,5.08629420295053e-14,0.150025028575246
50,6.80037127203277e-08,3.14483505668433e-22,4.42746286473449e-14,0.131826790860644
51,6.09006942360091e-08,2.25874253456414e-22,3.93968919460864e-14,0.116632799895387
52,5.51673928942303e-08,1.67898718568424e-22,3.56805415845082e-14,0.10392554443838
53,5.04617827461679e-08,1.28495455564037e-22,3.27777093776147e-14,0.0932509691885537
54,4.65415742262952e-08,1.0081454779835e-22,3.04608266622738e-14,0.0842302518778545
55,4.3231928400983e-08,8.08004583268938e-23,2.85765774200981e-14,0.0765555909191611
56,4.04044219036491e-08,6.59609181327179e-23,2.7018878499199e-14,0.0699801250486046
57,3.79631318947143e-08,5.47124422731084e-23,2.57125377181807e-14,0.0643068652951343
58,3.58352811600736e-08,4.60184989691581e-23,2.46030864754866e-14,0.059378653264524
59,3.39648451472989e-08,3.91822089854803e-23,2.36502856618297e-14,0.0550697641830219
60,3.23081121358784e-08,3.37236633079293e-23,2.2823875970117e-14,0.0512791649494362
61,3.08305513853694e-08,2.93051450721392e-23,2.21007341117885e-14,0.047925213274328
62,2.95045707675352e-08,2.56843099803725e-23,2.146293031879e-14,0.044941532221619
63,2.83078884134073e-08,2.26841455378101e-23,2.08963761632999e-14,0.042273812043187
64,2.7222334374729e-08,2.0173260306602e-23,2.03898667788474e-14,0.0398773310082468
65,2.62329576159005e-08,1.80526836890443e-23,1.9934391480603e-14,0.0377150290605762
66,2.53273526614372e-08,1.62468583016003e-23,1.95226301769416e-14,0.0357560052394308
67,2.44951462346214e-08,1.46973863134694e-23,1.91485804375529e-14,0.0339743400118851
68,2.37276018016854e-08,1.33586181572021e-23,1.88072778022837e-14,0.0323481673095762
69,2.30173119714592e-08,1.21944947834947e-23,1.84945835426122e-14,0.0308589391805175
70,2.23579570443586e-08,1.11762562888166e-23,1.82070218428997e-14,0.0294908396948976
71,2.17441138587321e-08,1.02807580973799e-23,1.79416536201241e-14,0.028230315091915
72,2.11711032369102e-08,9.48921899971888e-24,1.76959778078768e-14,0.0270656949432313
73,2.06348673135415e-08,8.7862800539991e-24,1.74678534412049e-14,0.0259868849758389
74,2.01318701889336e-08,8.15928990471326e-24,1.72554376485923e-14,0.024985116627885
75,1.96590169312604e-08,7.59775683878758e-24,1.70571359194889e-14,0.0240527417686526
76,1.9213587119676e-08,7.0929249034261e-24,1.68715619259189e-14,0.023183063569023
77,1.87931799911262e-08,6.63744323117988e-24,1.66975048398744e-14,0.0223701964621385
78,1.8395668908193e-08,6.22510603205353e-24,1.65339025761975e-14,0.0216089496346664
79,1.80191633612803e-08,5.85064662486032e-24,1.63798197531056e-14,0.0208947296477593
80,1.76619770971426e-08,5.50957312817477e-24,1.62344294340827e-14,0.0202234586860303
81,1.73226012570156e-08,5.19803651357457e-24,1.60969979200333e-14,0.0195915056342696
82,1.69996816331579e-08,4.91272398111712e-24,1.59668720168336e-14,0.0189956277315098
83,1.66919993284499e-08,4.6507722845604e-24,1.58434683232779e-14,0.0184329209853005
84,1.63984542416253e-08,4.40969687603584e-24,1.57262641770316e-14,0.0179007778720715
85,1.6118050909569e-08,4.18733367253654e-24,1.56147899682411e-14,0.0173968511223486
86,1.58498863245152e-08,3.98179095209599e-24,1.55086225868547e-14,0.0169190226076945
87,1.55931394129312e-08,3.79140942503618e-24,1.54073798141327e-14,0.0164653765213584
88,1.53470619181999e-08,3.61472893795635e-24,1.53107155040231e-14,0.0160341761858361
89,1.5110970473812e-08,3.45046058643565e-24,1.52183154281249e-14,0.0156238439349088
90,1.48842396899265e-08,3.2974632596827e-24,1.51298936804195e-14,0.0152329436107479
91,1.46662961055674e-08,3.15472383357542e-24,1.50451895560388e-14,0.0148601652926103
92,1.44566128827788e-08,3.02134038036345e-24,1.49639648329612e-14,0.0145043119359147
93,1.42547051388026e-08,2.89650788326211e-24,1.48860013974234e-14,0.0141642876517074
94,1.40601258286217e-08,2.77950603943259e-24,1.48110991635365e-14,0.013839087398832
95,1.38724621036852e-08,2.66968881087619e-24,1.47390742455601e-14,0.013527787896181
96,1.36913320838212e-08,2.56647544374283e-24,1.46697573478348e-14,0.0132295395915566
97,1.35163819886772e-08,2.46934272567258e-24,1.46029923427947e-14,0.0129435595480018
98,1.33472835828363e-08,2.37781829053194e-24,1.45386350119729e-14,0.0126691251288232
99,1.31837318953104e-08,2.2914748122e-24,1.44765519286554e-14,0.0124055683796271
100,1.30254431796347e-08,2.20992495540576e-24,1.44166194639681e-14,0.0121522710200928
101,1.28721530854535e-08,2.13281697319719e-24,1.43587229008021e-14,0.0119086599703666
102,1.27236150164392e-08,2.05983085836273e-24,1.43027556421914e-14,0.0116742033472743
103,1.25795986527472e-08,1.99067497076495e-24,1.42486185026168e-14,0.0114484068742912
104,1.24398886190763e-08,1.92508307466623e-24,1.4196219072288e-14,0.0112308106566724
105,1.23042832818478e-08,1.86281173019684e-24,1.41454711457942e-14,0.0110209862795082
106,1.21725936611207e-08,1.80363799150973e-24,1.40962942076525e-14,0.0108185341919194
107,1.20446424446562e-08,1.7473573711847e-24,1.40486129682557e-14,0.0106230813452834
108,1.19202630931051e-08,1.69378203633175e-24,1.40023569445581e-14,0.0104342790574053
109,1.17992990266241e-08,1.64273920679536e-24,1.39574600805463e-14,0.0102518010780151
110,1.16816028843951e-08,1.59406973003855e-24,1.39138604031647e-14,0.0100753418339712
111,1.15670358495213e-08,1.54762681082031e-24,1.38714997098887e-14,0.00990461483514297
112,1.14554670326531e-08,1.50327487677673e-24,1.38303232846045e-14,0.0097393512241982
113,1.13467729084564e-08,1.46088856356606e-24,1.37902796388452e-14,0.00957929845547982
114,1.12408367997026e-08,1.42035180541081e-24,1.37513202757834e-14,0.00942421908986398
115,1.11375484043395e-08,1.3815570187277e-24,1.37133994746789e-14,0.00927388969397739
116,1.10368033614142e-08,1.34440436812762e-24,1.36764740937398e-14,0.00912809983346001
117,1.09385028521665e-08,1.30880110543375e-24,1.36405033895905e-14,0.00898665115109722
118,1.08425532330027e-08,1.27466097354225e-24,1.36054488517323e-14,0.00884935652164922
119,1.07488656974107e-08,1.24190366796382e-24,1.35712740505661e-14,0.00871603927608867
120,1.06573559641803e-08,1.21045434976093e-24,1.35379444976958e-14,0.00858653248872964
121,1.05679439895657e-08,1.18024320435466e-24,1.35054275173695e-14,0.00846067832142309
122,1.0480553701266e-08,1.15120504133377e-24,1.34736921280352e-14,0.00833832741959238
123,1.03951127523119e-08,1.12327893097137e-24,1.34427089330934e-14,0.00821933835542351
124,1.03115522931395e-08,1.09640787365344e-24,1.34124500200243e-14,0.00810357711399886
125,1.02298067602937e-08,1.07053849885904e-24,1.3382888867147e-14,0.0079909166185824
126,1.01498136803626e-08,1.04562079071254e-24,1.3354000257347e-14,0.00788123629164645
127,1.00715134878688e-08,1.02160783746183e-24,1.33257601981696e-14,0.00777442164855503
128,9.9948493559717e-09,9.98455602528884e-25,1.32981458477372e-14,0.00767036392112421
129,9.91976703893584e-09,9.76122715036095e-25,1.3271135446001e-14,0.00756895970854498
130,9.84621472541995e-09,9.54570277938308e-25,1.32447082508832e-14,0.00747011065338631
131,9.77414290172578e-09,9.33761692089664e-25,1.32188444789078e-14,0.00737372314061829
132,9.70350422422416e-09,9.13662494750779e-25,1.31935252499559e-14,0.00727970801777746
133,9.63425340024489e-09,8.94240211197401e-25,1.31687325358139e-14,0.00718798033457495
134,9.56634707678017e-09,8.75464218229745e-25,1.31444491122143e-14,0.00709845910039661
135,9.49974373640767e-09,8.57305618503985e-25,1.31206585140945e-14,0.00701106705828683
136,9.43440359989066e-09,8.39737124716112e-25,1.30973449938241e-14,0.0069257304741304
137,9.37028853495864e-09,8.22732952764981e-25,1.30744934821727e-14,0.00684237893986083
138,9.30736197081398e-09,8.06268723107449e-25,1.30520895518115e-14,0.0067609451896243
139,9.24558881794777e-09,7.90321369595261e-25,1.3030119383156e-14,0.00668136492791988
140,9.1849353928827e-09,7.74869055151874e-25,1.30085697323791e-14,0.00660357666882187
141,9.12536934749162e-09,7.59891093708677e-25,1.29874279014319e-14,0.00652752158546334
142,9.06685960256939e-09,7.45367877874893e-25,1.29666817099289e-14,0.00645314336902855
143,9.00937628536078e-09,7.31280811864616e-25,1.29463194687619e-14,0.00638038809656688
144,8.95289067077131e-09,7.17612249248527e-25,1.29263299553197e-14,0.00630920410699071
145,8.89737512600888e-09,7.04345435137429e-25,1.29067023902014e-14,0.00623954188467886
146,8.84280305842389e-09,6.91464452440394e-25,1.28874264153174e-14,0.00617135395014865
147,8.78914886633333e-09,6.78954171872358e-25,1.28684920732837e-14,0.00610459475730131
148,8.73638789263059e-09,6.66800205414919e-25,1.28498897880207e-14,0.00603922059679147
149,8.68449638099782e-09,6.54988862960167e-25,1.2831610346474e-14,0.00597518950509491
150,8.63345143455116e-09,6.43507111890933e-25,1.28136448813836e-14,0.00591246117889498
151,8.58323097676199e-09,6.3234253937212e-25,1.27959848550299e-14,0.00585099689442534
152,8.53381371450855e-09,6.21483317147089e-25,1.27786220438944e-14,0.0057907594314402
153,8.48517910312304e-09,6.10918168650474e-25,1.27615485241731e-14,0.00573171300150959
154,8.43730731330903e-09,6.00636338264687e-25,1.27447566580904e-14,0.00567382318035212
155,8.39017919981277e-09,5.90627562561701e-25,1.27282390809587e-14,0.00561705684394804
156,8.3437762717404e-09,5.80882043384761e-25,1.27119886889407e-14,0.00556138210818706
157,8.29808066442051e-09,5.71390422636557e-25,1.26959986274658e-14,0.00550676827182714
158,8.25307511271854e-09,5.62143758651172e-25,1.26802622802641e-14,0.00545318576255448
159,8.2087429257159e-09,5.53133504036961e-25,1.26647732589762e-14,0.00540060608595224
160,8.16506796267265e-09,5.44351484886508e-25,1.2649525393307e-14,0.00534900177719476
161,8.12203461019805e-09,5.35789881257948e-25,1.26345127216872e-14,0.0052983463553038
162,8.07962776055847e-09,5.2744120883947e-25,1.26197294824151e-14,0.00524861427980553
163,8.0378327910566e-09,5.19298301715599e-25,1.26051701052479e-14,0.00519978090964767
164,7.99663554442052e-09,5.11354296160128e-25,1.2590829203417e-14,0.00515182246423877
165,7.9560223101451e-09,5.03602615386291e-25,1.25767015660421e-14,0.00510471598648334
166,7.91597980673181e-09,4.96036955189997e-25,1.25627821509213e-14,0.00505843930769587
167,7.87649516477663e-09,4.88651270426751e-25,1.25490660776752e-14,0.0050129710142842
168,7.83755591085908e-09,4.81439762267306e-25,1.25355486212252e-14,0.00496829041609796
169,7.7991499521879e-09,4.74396866181123e-25,1.25222252055865e-14,0.0049243775163475
170,7.76126556196231e-09,4.67517240600437e-25,1.25090913979586e-14,0.0048812129830033
171,7.72389136540982e-09,4.60795756221153e-25,1.24961429030969e-14,0.00483877812159164
172,7.68701632646424e-09,4.54227485899945e-25,1.24833755579493e-14,0.00479705484930792
173,7.65062973504982e-09,4.47807695109804e-25,1.24707853265434e-14,0.00475602567037436
174,7.61472119493914e-09,4.41531832918972e-25,1.24583682951117e-14,0.00471567365257442
175,7.57928061215494e-09,4.35395523460664e-25,1.24461206674398e-14,0.00467598240489532
176,7.54429818388718e-09,4.2939455786323e-25,1.24340387604284e-14,0.00463693605622314
177,7.50976438789888e-09,4.23524886612503e-25,1.24221189998549e-14,0.00459851923503028
178,7.47566997239558e-09,4.17782612320061e-25,1.24103579163272e-14,0.00456071705000315
179,7.4420059463347e-09,4.12163982872847e-25,1.23987521414163e-14,0.00452351507155915
180,7.40876357015266e-09,4.06665384941315e-25,1.23872984039611e-14,0.00448689931420719
181,7.37593434688867e-09,4.01283337824756e-25,1.23759935265354e-14,0.00445085621970579
182,7.34351001368549e-09,3.96014487613903e-25,1.23648344220689e-14,0.00441537264097845
183,7.31148253364847e-09,3.90855601652216e-25,1.23538180906141e-14,0.0043804358267462
184,7.27984408804523e-09,3.85803563278463e-25,1.23429416162523e-14,0.00434603340684123
185,7.24858706882945e-09,3.80855366834368e-25,1.2332202164132e-14,0.00431215337816566
186,7.21770407147297e-09,3.76008112922107e-25,1.2321596977632e-14,0.00427878409126424
187,7.18718788809149e-09,3.71259003897448e-25,1.23111233756436e-14,0.0042459142374784
188,7.1570315008497e-09,3.66605339585207e-25,1.23007787499674e-14,0.00421353283665401
189,7.12722807563272e-09,3.6204451320455e-25,1.22905605628161e-14,0.00418162922537446
190,7.09777095597132e-09,3.57574007492442e-25,1.22804663444217e-14,0.00415019304569383
191,7.0686536572089e-09,3.53191391014294e-25,1.22704936907394e-14,0.00411921423434449
192,7.03986986089915e-09,3.48894314651508e-25,1.22606402612449e-14,0.00408868301239761
193,7.01141340942374e-09,3.44680508256277e-25,1.22509037768207e-14,0.0040585898753534
194,6.98327830081988e-09,3.40547777464574e-25,1.22412820177261e-14,0.00402892558364112
195,6.95545868380825e-09,3.3649400065882e-25,1.2231772821649e-14,0.00399968115350876
196,6.92794885301224e-09,3.32517126072223e-25,1.22223740818335e-14,0.00397084784828491
197,6.90074324435995e-09,3.28615169027274e-25,1.22130837452817e-14,0.00394241716999434
198,6.87383643066073e-09,3.24786209301326e-25,1.22038998110247e-14,0.0039143808513107
199,6.84722311734854e-09,3.21028388612586e-25,1.21948203284608e-14,0.00388673084783181
200,6.82089813838486e-09,3.17339908220272e-25,1.21858433957581e-14,0.00385945933066125
201,6.79485645231406e-09,3.13719026633018e-25,1.21769671583169e-14,0.00383255867928339
202,6.76909313846471e-09,3.10164057419971e-25,1.2168189807291e-14,0.00380602147471702
203,6.74360339329044e-09,3.06673367119352e-25,1.21595095781651e-14,0.00377984049293722
204,6.71838252684447e-09,3.03245373239512e-25,1.21509247493844e-14,0.00375400869855088
205,6.69342595938199e-09,2.99878542347858e-25,1.21424336410358e-14,0.00372851923871629
206,6.66872921808506e-09,2.96571388243223e-25,1.21340346135779e-14,0.00370336543729485
207,6.64428793390483e-09,2.93322470207544e-25,1.21257260666173e-14,0.00367854078922601
208,6.62009783851622e-09,2.9013039133292e-25,1.21175064377294e-14,0.00365403895511381
209,6.59615476138036e-09,2.86993796920359e-25,1.21093742013223e-14,0.00362985375601713
210,6.57245462691024e-09,2.83911372946702e-25,1.21013278675415e-14,0.00360597916843477
211,6.54899345173555e-09,2.80881844596423e-25,1.20933659812133e-14,0.00358240931947624
212,6.52576734206246e-09,2.77903974855177e-25,1.20854871208269e-14,0.00355913848221024
213,6.50277249112458e-09,2.74976563162139e-25,1.20776898975514e-14,0.00353616107118503
214,6.48000517672136e-09,2.72098444118322e-25,1.20699729542874e-14,0.00351347163811046
215,6.45746175884057e-09,2.6926848624825e-25,1.20623349647528e-14,0.0034910648676976
216,6.43513867736131e-09,2.66485590812436e-25,1.2054774632599e-14,0.00346893557364778
217,6.41303244983452e-09,2.63748690668334e-25,1.20472906905582e-14,0.00344707869478547
218,6.39113966933782e-09,2.61056749177468e-25,1.20398818996203e-14,0.00342548929132837
219,6.36945700240188e-09,2.58408759156638e-25,1.20325470482369e-14,0.00340416254129029
220,6.34798118700547e-09,2.55803741871149e-25,1.20252849515534e-14,0.00338309373701025
221,6.32670903063647e-09,2.5324074606817e-25,1.2018094450666e-14,0.00336227828180261
222,6.30563740841652e-09,2.50718847048376e-25,1.20109744119042e-14,0.00334171168672488
223,6.28476326128655e-09,2.48237145774161e-25,1.20039237261372e-14,0.00332138956745616
224,6.26408359425121e-09,2.45794768012768e-25,1.19969413081027e-14,0.00330130764128387
225,6.2435954746797e-09,2.43390863512788e-25,1.19900260957582e-14,0.00328146172419333
226,6.22329603066107e-09,2.41024605212536e-25,1.1983177049654e-14,0.00326184772805618
227,6.2031824494118e-09,2.38695188478908e-25,1.19763931523256e-14,0.0032424616579142
228,6.18325197573388e-09,2.36401830375364e-25,1.19696734077064e-14,0.00322329960935471
229,6.16350191052131e-09,2.3414376895779e-25,1.19630168405594e-14,0.00320435776597319
230,6.14392960931348e-09,2.31920262597e-25,1.19564224959266e-14,0.00318563239692104
231,6.1245324808935e-09,2.29730589326758e-25,1.19498894385966e-14,0.00316711985453428
232,6.10530798592999e-09,2.27574046216194e-25,1.19434167525882e-14,0.00314881657204027
233,6.08625363566068e-09,2.254499487656e-25,1.1937003540651e-14,0.00313071906133998
234,6.06736699061632e-09,2.2335763032459e-25,1.19306489237814e-14,0.00311282391086188
235,6.0486456593835e-09,2.21296441531698e-25,1.19243520407534e-14,0.0030951277834859
236,6.03008729740497e-09,2.19265749774498e-25,1.19181120476645e-14,0.00307762741453421
237,6.0116896058161e-09,2.17264938669401e-25,1.19119281174949e-14,0.00306031960982625
238,5.99345033031625e-09,2.15293407560299e-25,1.19057994396808e-14,0.00304320124379645
239,5.9753672600738e-09,2.13350571035289e-25,1.18997252197004e-14,0.00302626925767059
240,5.95743822666367e-09,2.11435858460722e-25,1.18937046786726e-14,0.00300952065770118
241,5.93966110303626e-09,2.09548713531879e-25,1.18877370529676e-14,0.00299295251345694
242,5.92203380251656e-09,2.07688593839585e-25,1.18818215938294e-14,0.00297656195616663
243,5.90455427783261e-09,2.05854970452126e-25,1.18759575670094e-14,0.00296034617711442
244,5.88722052017218e-09,2.04047327511851e-25,1.18701442524111e-14,0.00294430242608371
245,5.87003055826667e-09,2.0226516184586e-25,1.1864380943745e-14,0.00292842800985111
246,5.85298245750145e-09,2.00507982590235e-25,1.18586669481939e-14,0.00291272029072377
247,5.83607431905164e-09,1.98775310827255e-25,1.1853001586088e-14,0.00289717668512429
248,5.81930427904249e-09,1.97066679235102e-25,1.1847384190589e-14,0.00288179466221568
249,5.80267050773358e-09,1.95381631749558e-25,1.1841814107384e-14,0.00286657174257008
250,5.78617120872602e-09,1.9371972323722e-25,1.18362906943879e-14,0.00285150549687647
251,5.76980461819196e-09,1.92080519179795e-25,1.18308133214539e-14,0.00283659354468659
252,5.75356900412547e-09,1.90463595369042e-25,1.18253813700933e-14,0.0028218335531992
253,5.73746266561442e-09,1.8886853761195e-25,1.18199942332023e-14,0.00280722323608
254,5.72148393213235e-09,1.87294941445761e-25,1.18146513147966e-14,0.00279276035231572
255,5.70563116284992e-09,1.85742411862461e-25,1.18093520297544e-14,0.00277844270510217
256,5.6899027459652e-09,1.84210563042384e-25,1.18040958035652e-14,0.00276426814076556
257,5.67429709805214e-09,1.82699018096581e-25,1.17988820720865e-14,0.00275023454771343
258,5.65881266342686e-09,1.81207408817622e-25,1.17937102813073e-14,0.00273633985541777
259,5.64344791353091e-09,1.7973537543853e-25,1.17885798871175e-14,0.00272258203342573
260,5.62820134633116e-09,1.78282566399522e-25,1.17834903550839e-14,0.00270895909040035
261,5.61307148573578e-09,1.76848638122286e-25,1.17784411602327e-14,0.00269546907318697
262,5.59805688102566e-09,1.75433254791508e-25,1.17734317868373e-14,0.00268211006590698
263,5.58315610630102e-09,1.74036088143388e-25,1.17684617282123e-14,0.00266888018907751
264,5.56836775994254e-09,1.72656817260884e-25,1.17635304865127e-14,0.00265577759875523
265,5.5536904640866e-09,1.71295128375439e-25,1.17586375725386e-14,0.00264280048570386
266,5.53912286411435e-09,1.69950714674966e-25,1.17537825055456e-14,0.0026299470745864
267,5.52466362815394e-09,1.68623276117857e-25,1.17489648130589e-14,0.00261721562317751
268,5.51031144659575e-09,1.67312519252798e-25,1.17441840306942e-14,0.00260460442159962
269,5.49606503162e-09,1.66018157044193e-25,1.17394397019814e-14,0.0025921117915788
270,5.48192311673661e-09,1.64739908702987e-25,1.17347313781944e-14,0.00257973608572162
271,5.46788445633667e-09,1.63477499522708e-25,1.17300586181845e-14,0.00256747568681156
272,5.45394782525545e-09,1.62230660720529e-25,1.17254209882185e-14,0.00255532900712447
273,5.44011201834638e-09,1.60999129283193e-25,1.17208180618204e-14,0.00254329448776201
274,5.4263758500658e-09,1.59782647817612e-25,1.17162494196183e-14,0.00253137059800427
275,5.41273815406813e-09,1.58580964405999e-25,1.1711714649194e-14,0.00251955583467827
276,5.39919778281115e-09,1.57393832465352e-25,1.17072133449371e-14,0.00250784872154441
277,5.38575360717105e-09,1.5622101061116e-25,1.17027451079028e-14,0.00249624780869853
278,5.37240451606715e-09,1.5506226252518e-25,1.16983095456729e-14,0.00248475167198983
279,5.35914941609567e-09,1.53917356827139e-25,1.16939062722208e-14,0.00247335891245482
280,5.34598723117268e-09,1.52786066950239e-25,1.16895349077794e-14,0.0024620681557647
281,5.33291690218563e-09,1.51668171020333e-25,1.16851950787125e-14,0.0024508780516887
282,5.31993738665348e-09,1.50563451738635e-25,1.16808864173898e-14,0.00243978727357032
283,5.30704765839498e-09,1.49471696267871e-25,1.16766085620639e-14,0.00242879451781764
284,5.29424670720496e-09,1.48392696121736e-25,1.16723611567517e-14,0.0024178985034061
285,5.28153353853849e-09,1.4732624705755e-25,1.16681438511177e-14,0.00240709797139483
286,5.26890717320247e-09,1.46272148972014e-25,1.16639563003602e-14,0.00239639168445515
287,5.25636664705462e-09,1.45230205799962e-25,1.16597981651012e-14,0.00238577842641063
288,5.24391101070967e-09,1.44200225416004e-25,1.16556691112776e-14,0.00237525700178879
289,5.23153932925241e-09,1.43182019538969e-25,1.16515688100363e-14,0.00236482623538506
290,5.21925068195749e-09,1.42175403639069e-25,1.16474969376306e-14,0.00235448497183621
291,5.20704416201588e-09,1.4118019684767e-25,1.16434531753203e-14,0.00234423207520627
292,5.19491887626758e-09,1.4019622186961e-25,1.16394372092733e-14,0.00233406642858074
293,5.18287394494067e-09,1.39223304897971e-25,1.16354487304696e-14,0.00232398693367232
294,5.17090850139629e-09,1.38261275531227e-25,1.16314874346083e-14,0.00231399251043597
295,5.15902169187958e-09,1.37309966692694e-25,1.16275530220157e-14,0.00230408209669343
296,5.14721267527628e-09,1.36369214552208e-25,1.16236451975565e-14,0.00229425464776675
297,5.13548062287495e-09,1.35438858449961e-25,1.16197636705463e-14,0.00228450913612102
298,5.12382471813454e-09,1.34518740822429e-25,1.16159081546669e-14,0.00227484455101607
299,5.11224415645729e-09,1.33608707130319e-25,1.16120783678829e-14,0.00226525989816541
300,5.10073814496671e-09,1.32708605788482e-25,1.16082740323606e-14,0.00225575419940525
301,5.08930590229062e-09,1.31818288097726e-25,1.16044948743885e-14,0.00224632649236968
302,5.07794665834898e-09,1.30937608178464e-25,1.16007406242998e-14,0.00223697583017464
303,5.06665965414649e-09,1.30066422906157e-25,1.15970110163968e-14,0.00222770128110991
304,5.05544414156982e-09,1.29204591848473e-25,1.15933057888765e-14,0.00221850192833616
305,5.04429938318931e-09,1.28351977204138e-25,1.15896246837585e-14,0.00220937686959218
306,5.03322465206501e-09,1.27508443743394e-25,1.1585967446814e-14,0.00220032521690701
307,5.02221923155708e-09,1.26673858750052e-25,1.15823338274966e-14,0.00219134609631918
308,5.01128241514022e-09,1.25848091965059e-25,1.15787235788749e-14,0.00218243864760274
309,5.00041350622226e-09,1.25031015531551e-25,1.15751364575663e-14,0.00217360202400024
310,4.98961181796658e-09,1.2422250394135e-25,1.1571572223672e-14,0.00216483539196021
311,4.97887667311849e-09,1.23422433982843e-25,1.15680306407139e-14,0.00215613793088279
312,4.96820740383522e-09,1.22630684690229e-25,1.15645114755731e-14,0.00214750883286986
313,4.95760335151971e-09,1.21847137294064e-25,1.15610144984289e-14,0.00213894730248118
314,4.94706386665784e-09,1.21071675173093e-25,1.15575394826997e-14,0.00213045255649627
315,4.93658830865916e-09,1.20304183807305e-25,1.15540862049853e-14,0.00212202382368174
316,4.92617604570102e-09,1.19544550732206e-25,1.155065444501e-14,0.00211366034456372
317,4.91582645457601e-09,1.18792665494235e-25,1.15472439855673e-14,0.00210536137120595
318,4.90553892054254e-09,1.18048419607331e-25,1.15438546124656e-14,0.00209712616699132
319,4.89531283717868e-09,1.17311706510587e-25,1.15404861144751e-14,0.00208895400641075
320,4.88514760623894e-09,1.16582421526974e-25,1.15371382832759e-14,0.00208084417485463
321,4.87504263751407e-09,1.15860461823099e-25,1.1533810913407e-14,0.00207279596841037
322,4.86499734869384e-09,1.1514572636997e-25,1.15305038022165e-14,0.00206480869366303
323,4.85501116523255e-09,1.14438115904743e-25,1.15272167498134e-14,0.00205688166750196
324,4.84508352021741e-09,1.13737532893406e-25,1.15239495590189e-14,0.00204901421693057
325,4.83521385423954e-09,1.13043881494401e-25,1.15207020353206e-14,0.00204120567888056
326,4.82540161526765e-09,1.12357067523129e-25,1.15174739868262e-14,0.00203345540003034
327,4.81564625852436e-09,1.11676998417336e-25,1.1514265224219e-14,0.00202576273662716
328,4.80594724636486e-09,1.11003583203338e-25,1.1511075560714e-14,0.00201812705431374
329,4.79630404815824e-09,1.10336732463075e-25,1.15079048120146e-14,0.00201054772795786
330,4.78671614017104e-09,1.0967635830196e-25,1.1504752796271e-14,0.00200302414148576
331,4.77718300545323e-09,1.0902237431751e-25,1.15016193340387e-14,0.00199555568771983
332,4.76770413372646e-09,1.08374695568731e-25,1.14985042482382e-14,0.00198814176821887
333,4.75827902127452e-09,1.07733238546236e-25,1.14954073641153e-14,0.00198078179312261
334,4.74890717083601e-09,1.07097921143084e-25,1.14923285092025e-14,0.00197347518099846
335,4.7395880914991e-09,1.06468662626314e-25,1.1489267513281e-14,0.00196622135869235
336,4.7303212985984e-09,1.05845383609143e-25,1.14862242083434e-14,0.00195901976118323
337,4.72110631361385e-09,1.05228006023844e-25,1.14831984285575e-14,0.00195186983143855
338,4.71194266407156e-09,1.04616453095245e-25,1.148019001023e-14,0.00194477102027577
339,4.70282988344667e-09,1.04010649314862e-25,1.14771987917719e-14,0.00193772278622344
340,4.69376751106802e-09,1.03410520415631e-25,1.14742246136643e-14,0.00193072459538817
341,4.68475509202469e-09,1.0281599334724e-25,1.14712673184242e-14,0.00192377592132245
342,4.67579217707438e-09,1.02226996252023e-25,1.14683267505719e-14,0.001916876244896
343,4.66687832255355e-09,1.01643458441424e-25,1.14654027565986e-14,0.00191002505416943
344,4.65801309028921e-09,1.01065310372996e-25,1.14624951849347e-14,0.0019032218442707
345,4.64919604751253e-09,1.00492483627937e-25,1.14596038859184e-14,0.00189646611727469
346,4.64042676677401e-09,9.99249108891386e-26,1.14567287117656e-14,0.00188975738208314
347,4.63170482586023e-09,9.93625259197343e-26,1.14538695165398e-14,0.00188309515431022
348,4.62302980771233e-09,9.88052635421418e-26,1.14510261561227e-14,0.0018764789561674
349,4.61440130034582e-09,9.82530596175786e-26,1.14481984881856e-14,0.00186990831635245
350,4.60581889677211e-09,9.7705851026042e-26,1.14453863721612e-14,0.00186338276994073
351,4.59728219492134e-09,9.71635756467409e-26,1.14425896692156e-14,0.00185690185827705
352,4.58879079756676e-09,9.66261723389686e-26,1.14398082422215e-14,0.00185046512887103
353,4.58034431225048e-09,9.60935809234033e-26,1.14370419557314e-14,0.00184407213529511
354,4.57194235121061e-09,9.55657421638272e-26,1.14342906759516e-14,0.00183772243708287
355,4.56358453130974e-09,9.50425977492527e-26,1.14315542707161e-14,0.00183141559963042
356,4.55527047396473e-09,9.45240902764451e-26,1.14288326094623e-14,0.00182515119409956
357,4.54699980507785e-09,9.40101632328321e-26,1.14261255632055e-14,0.00181892879732347
358,4.53877215496909e-09,9.35007609797902e-26,1.14234330045149e-14,0.00181274799171267
359,4.53058715830978e-09,9.29958287362988e-26,1.14207548074901e-14,0.00180660836516441
360,4.5224444540574e-09,9.24953125629521e-26,1.14180908477373e-14,0.00180050951097283
361,4.51434368539157e-09,9.19991593463201e-26,1.1415441002347e-14,0.00179445102774166
362,4.50628449965119e-09,9.15073167836499e-26,1.14128051498707e-14,0.00178843251929798
363,4.49826654827272e-09,9.10197333678998e-26,1.14101831702997e-14,0.00178245359460791
364,4.49028948672958e-09,9.05363583730961e-26,1.14075749450428e-14,0.00177651386769333
365,4.48235297447266e-09,9.00571418400059e-26,1.14049803569051e-14,0.00177061295755196
366,4.4744566748718e-09,8.95820345621181e-26,1.14023992900675e-14,0.00176475048807633
367,4.46660025515844e-09,8.91109880719243e-26,1.13998316300657e-14,0.00175892608797685
368,4.45878338636918e-09,8.86439546274927e-26,1.13972772637704e-14,0.00175313939070481
369,4.4510057432904e-09,8.81808871993279e-26,1.13947360793675e-14,0.00174739003437669
370,4.44326700440385e-09,8.772173945751e-26,1.13922079663384e-14,0.00174167766170156
371,4.43556685183319e-09,8.72664657591042e-26,1.13896928154412e-14,0.00173600191990779
372,4.42790497129144e-09,8.68150211358379e-26,1.13871905186918e-14,0.00173036246067233
373,4.42028105202942e-09,8.63673612820353e-26,1.13847009693456e-14,0.00172475894005151
374,4.41269478678498e-09,8.59234425428053e-26,1.13822240618795e-14,0.00171919101841227
375,4.40514587173326e-09,8.54832219024761e-26,1.13797596919737e-14,0.0017136583603649
376,4.39763400643765e-09,8.50466569732713e-26,1.1377307756495e-14,0.00170816063469796
377,4.39015889380174e-09,8.46137059842196e-26,1.1374868153479e-14,0.00170269751431289
378,4.38272024002197e-09,8.41843277702955e-26,1.13724407821135e-14,0.00169726867616096
379,4.37531775454122e-09,8.37584817617831e-26,1.1370025542722e-14,0.00169187380118109
380,4.36795115000308e-09,8.33361279738594e-26,1.13676223367474e-14,0.00168651257423861
381,4.36062014220698e-09,8.29172269963905e-26,1.1365231066736e-14,0.00168118468406502
382,4.35332445006403e-09,8.25017399839368e-26,1.13628516363218e-14,0.00167588982319983
383,4.34606379555366e-09,8.20896286459619e-26,1.13604839502112e-14,0.00167062768793207
384,4.33883790368094e-09,8.16808552372402e-26,1.13581279141675e-14,0.0016653979782436
385,4.33164650243467e-09,8.12753825484595e-26,1.13557834349966e-14,0.00166020039775366
386,4.32448932274613e-09,8.08731738970124e-26,1.13534504205315e-14,0.00165503465366377
387,4.31736609844854e-09,8.04741931179738e-26,1.13511287796187e-14,0.00164990045670436
388,4.31027656623721e-09,8.00784045552597e-26,1.13488184221035e-14,0.00164479752108139
389,4.30322046563036e-09,7.96857730529624e-26,1.13465192588166e-14,0.00163972556442527
390,4.29619753893052e-09,7.92962639468589e-26,1.13442312015597e-14,0.0016346843077391
391,4.28920753118668e-09,7.89098430560885e-26,1.13419541630928e-14,0.0016296734753494
392,4.28225019015696e-09,7.8526476674995e-26,1.13396880571204e-14,0.00162469279485634
393,4.27532526627198e-09,7.81461315651312e-26,1.13374327982789e-14,0.00161974199708547
394,4.26843251259877e-09,7.77687749474194e-26,1.13351883021235e-14,0.00161482081604139
395,4.2615716848053e-09,7.73943744944684e-26,1.13329544851158e-14,0.00160992898885919
396,4.25474254112559e-09,7.70228983230387e-26,1.13307312646115e-14,0.00160506625576056
397,4.24794484232537e-09,7.66543149866573e-26,1.13285185588479e-14,0.00160023236000798
398,4.24117835166832e-09,7.62885934683743e-26,1.13263162869325e-14,0.00159542704785984
399,4.23444283488283e-09,7.59257031736622e-26,1.13241243688305e-14,0.00159065006852885
400,4.22773806012933e-09,7.55656139234517e-26,1.1321942725354e-14,0.00158590117413703
401,4.2210637979681e-09,7.52082959473022e-26,1.131977127815e-14,0.00158118011967593
402,4.21441982132765e-09,7.48537198767042e-26,1.13176099496895e-14,0.00157648666296371
403,4.20780590547355e-09,7.45018567385103e-26,1.13154586632565e-14,0.00157182056460607
404,4.20122182797783e-09,7.41526779484923e-26,1.1313317342937e-14,0.00156718158795493
405,4.19466736868877e-09,7.38061553050204e-26,1.13111859136085e-14,0.00156256949907053
406,4.18814230970126e-09,7.34622609828643e-26,1.13090643009293e-14,0.00155798406668241
407,4.18164643532756e-09,7.31209675271111e-26,1.13069524313285e-14,0.00155342506215149
408,4.1751795320686e-09,7.27822478471983e-26,1.13048502319956e-14,0.00154889225943305
409,4.16874138858562e-09,7.24460752110603e-26,1.13027576308704e-14,0.00154438543504015
410,4.16233179567236e-09,7.21124232393844e-26,1.13006745566335e-14,0.00153990436800795
411,4.15595054622765e-09,7.17812658999752e-26,1.12986009386964e-14,0.00153544883985772
412,4.14959743522838e-09,7.14525775022243e-26,1.12965367071919e-14,0.00153101863456268
413,4.14327225970297e-09,7.11263326916835e-26,1.1294481792965e-14,0.00152661353851357
414,4.1369748187052e-09,7.08025064447387e-26,1.12924361275634e-14,0.00152223334048462
415,4.13070491328843e-09,7.04810740633833e-26,1.12903996432285e-14,0.00151787783160203
416,4.12446234648029e-09,7.01620111700882e-26,1.12883722728867e-14,0.00151354680530927
417,4.11824692325771e-09,6.9845293702766e-26,1.12863539501401e-14,0.00150924005733703
418,4.11205845052228e-09,6.95308979098293e-26,1.12843446092582e-14,0.00150495738567046
419,4.10589673707614e-09,6.92188003453382e-26,1.12823441851694e-14,0.00150069859051912
420,4.09976159359804e-09,6.8908977864238e-26,1.12803526134524e-14,0.00149646347428632
421,4.09365283261994e-09,6.86014076176833e-26,1.1278369830328e-14,0.00149225184153869
422,4.08757026850387e-09,6.82960670484471e-26,1.1276395772651e-14,0.00148806349897771
423,4.08151371741916e-09,6.79929338864143e-26,1.12744303779022e-14,0.00148389825540954
424,4.07548299732002e-09,6.76919861441558e-26,1.12724735841803e-14,0.00147975592171766
425,4.06947792792344e-09,6.7393202112583e-26,1.12705253301946e-14,0.00147563631083444
426,4.06349833068745e-09,6.70965603566808e-26,1.12685855552567e-14,0.00147153923771341
427,4.05754402878969e-09,6.68020397113174e-26,1.12666541992736e-14,0.00146746451930223
428,4.05161484710631e-09,6.65096192771287e-26,1.12647312027398e-14,0.00146341197451562
429,4.04571061219115e-09,6.62192784164766e-26,1.12628165067301e-14,0.00145938142421013
430,4.03983115225527e-09,6.59309967494799e-26,1.12609100528928e-14,0.00145537269115736
431,4.03397629714678e-09,6.56447541501147e-26,1.12590117834419e-14,0.00145138560001851
432,4.02814587833092e-09,6.53605307423849e-26,1.12571216411506e-14,0.00144741997731989
433,4.02233972887052e-09,6.50783068965602e-26,1.12552395693445e-14,0.00144347565142812
434,4.01655768340667e-09,6.47980632254803e-26,1.12533655118944e-14,0.00143955245252533
435,4.01079957813967e-09,6.45197805809244e-26,1.12514994132099e-14,0.00143565021258631
436,4.00506525081036e-09,6.42434400500443e-26,1.12496412182329e-14,0.00143176876535366
437,3.99935454068158e-09,6.39690229518597e-26,1.12477908724307e-14,0.00142790794631622
438,3.99366728852003e-09,6.36965108338156e-26,1.12459483217902e-14,0.0014240675926848
439,3.9880033365783e-09,6.34258854683985e-26,1.12441135128112e-14,0.00142024754337128
440,3.9823625285772e-09,6.31571288498121e-26,1.12422863925002e-14,0.00141644763896486
441,3.97674470968833e-09,6.28902231907104e-26,1.12404669083646e-14,0.00141266772171169
442,3.97114972651696e-09,6.26251509189874e-26,1.12386550084063e-14,0.00140890763549313
443,3.96557742708503e-09,6.23618946746221e-26,1.12368506411161e-14,0.00140516722580427
444,3.96002766081453e-09,6.21004373065773e-26,1.12350537554676e-14,0.00140144633973348
445,3.95450027851106e-09,6.18407618697524e-26,1.12332643009115e-14,0.00139774482594243
446,3.94899513234756e-09,6.15828516219878e-26,1.12314822273702e-14,0.00139406253464479
447,3.9435120758484e-09,6.13266900211202e-26,1.12297074852316e-14,0.00139039931758823
448,3.93805096387359e-09,6.10722607220889e-26,1.12279400253443e-14,0.00138675502803307
449,3.9326116526033e-09,6.081954757409e-26,1.12261797990116e-14,0.00138312952073415
450,3.92719399952246e-09,6.05685346177801e-26,1.12244267579864e-14,0.00137952265192174
451,3.92179786340579e-09,6.03192060825261e-26,1.1222680854466e-14,0.00137593427928277
452,3.91642310430279e-09,6.00715463837019e-26,1.12209420410866e-14,0.001372364261943
453,3.91106958352319e-09,5.98255401200307e-26,1.12192102709184e-14,0.00136881246044783
454,3.90573716362238e-09,5.95811720709713e-26,1.12174854974606e-14,0.00136527873674583
455,3.9004257083872e-09,5.93384271941485e-26,1.12157676746361e-14,0.00136176295416998
456,3.89513508282188e-09,5.90972906228264e-26,1.12140567567869e-14,0.00135826497742152
457,3.88986515313412e-09,5.88577476634234e-26,1.12123526986689e-14,0.00135478467255221
458,3.88461578672145e-09,5.8619783793069e-26,1.12106554554478e-14,0.00135132190694781
459,3.87938685215772e-09,5.83833846572e-26,1.12089649826934e-14,0.00134787654931162
460,3.8741782191798e-09,5.81485360671981e-26,1.12072812363758e-14,0.00134444846964787
461,3.86898975867445e-09,5.79152239980645e-26,1.12056041728605e-14,0.00134103753924638
462,3.86382134266541e-09,5.76834345861343e-26,1.12039337489037e-14,0.00133764363066591
463,3.85867284430055e-09,5.74531541268273e-26,1.12022699216482e-14,0.0013342666177197
464,3.85354413783939e-09,5.72243690724363e-26,1.12006126486186e-14,0.00133090637545847
465,3.84843509864059e-09,5.69970660299508e-26,1.11989618877175e-14,0.00132756278015728
466,3.84334560314972e-09,5.67712317589172e-26,1.11973175972207e-14,0.00132423570929927
467,3.8382755288872e-09,5.65468531693321e-26,1.11956797357731e-14,0.00132092504156133
468,3.83322475443635e-09,5.63239173195716e-26,1.1194048262385e-14,0.00131763065679969
469,3.82819315943163e-09,5.61024114143522e-26,1.11924231364272e-14,0.00131435243603636
470,3.82318062454705e-09,5.58823228027265e-26,1.11908043176279e-14,0.00131109026144338
471,3.81818703148469e-09,5.56636389761091e-26,1.11891917660676e-14,0.00130784401633093
472,3.81321226296344e-09,5.5446347566336e-26,1.11875854421763e-14,0.00130461358513198
473,3.80825620270782e-09,5.52304363437536e-26,1.11859853067287e-14,0.00130139885339042
474,3.803318735437e-09,5.50158932153395e-26,1.11843913208411e-14,0.00129819970774656
475,3.79839974685398e-09,5.48027062228518e-26,1.11828034459669e-14,0.00129501603592483
476,3.79349912363479e-09,5.45908635410093e-26,1.11812216438935e-14,0.00129184772672
477,3.78861675341805e-09,5.43803534756993e-26,1.11796458767383e-14,0.00128869466998579
478,3.78375252479441e-09,5.41711644622145e-26,1.1178076106945e-14,0.00128555675662115
479,3.77890632729639e-09,5.39632850635176e-26,1.11765122972804e-14,0.00128243387855894
480,3.77407805138811e-09,5.37567039685326e-26,1.11749544108303e-14,0.00127932592875255
481,3.76926758845536e-09,5.35514099904641e-26,1.11734024109967e-14,0.00127623280116513
482,3.76447483079563e-09,5.33473920651417e-26,1.11718562614938e-14,0.00127315439075715
483,3.75969967160843e-09,5.31446392493909e-26,1.11703159263446e-14,0.00127009059347452
484,3.75494200498559e-09,5.29431407194296e-26,1.11687813698781e-14,0.0012670413062378
485,3.75020172590177e-09,5.27428857692891e-26,1.11672525567254e-14,0.00126400642692983
486,3.74547873020508e-09,5.25438638092596e-26,1.11657294518168e-14,0.00126098585438599
487,3.74077291460781e-09,5.23460643643604e-26,1.11642120203783e-14,0.00125797948838159
488,3.73608417667728e-09,5.21494770728326e-26,1.11627002279288e-14,0.00125498722962233
489,3.73141241482683e-09,5.19540916846564e-26,1.11611940402766e-14,0.00125200897973254
490,3.72675752830688e-09,5.175989806009e-26,1.11596934235164e-14,0.00124904464124543
491,3.72211941719614e-09,5.15668861682318e-26,1.11581983440264e-14,0.00124609411759183
492,3.71749798239292e-09,5.13750460856038e-26,1.11567087684652e-14,0.00124315731309086
493,3.71289312560659e-09,5.11843679947574e-26,1.11552246637685e-14,0.00124023413293917
494,3.70830474934905e-09,5.09948421829001e-26,1.11537459971469e-14,0.00123732448320089
495,3.70373275692642e-09,5.08064590405428e-26,1.11522727360821e-14,0.00123442827079799
496,3.69917705243077e-09,5.06192090601683e-26,1.11508048483249e-14,0.00123154540350038
497,3.69463754073195e-09,5.04330828349189e-26,1.11493423018917e-14,0.00122867578991664
498,3.6901141274696e-09,5.02480710573054e-26,1.11478850650621e-14,0.00122581933948408
499,3.68560671904512e-09,5.00641645179339e-26,1.11464331063759e-14,0.00122297596245962
500,3.68111522261392e-09,4.98813541042525e-26,1.11449863946307e-14,0.00122014556991069
501,3.67663954607758e-09,4.9699630799317e-26,1.11435448988786e-14,0.00121732807370593
502,3.67217959807627e-09,4.95189856805749e-26,1.11421085884245e-14,0.00121452338650635
503,3.66773528798114e-09,4.9339409918667e-26,1.11406774328224e-14,0.00121173142175608
504,3.6633065258869e-09,4.91608947762477e-26,1.11392514018739e-14,0.00120895209367456
505,3.65889322260442e-09,4.89834316068226e-26,1.11378304656246e-14,0.00120618531724664
506,3.65449528965347e-09,4.88070118536025e-26,1.11364145943623e-14,0.00120343100821547
507,3.65011263925553e-09,4.86316270483761e-26,1.11350037586144e-14,0.00120068908307264
508,3.64574518432668e-09,4.84572688103973e-26,1.11335979291451e-14,0.00119795945905123
509,3.64139283847058e-09,4.82839288452905e-26,1.11321970769534e-14,0.00119524205411686
510,3.63705551597157e-09,4.81115989439712e-26,1.11308011732702e-14,0.00119253678695968
511,3.6327331317878e-09,4.79402709815826e-26,1.11294101895567e-14,0.00118984357698675
512,3.6284256015445e-09,4.77699369164479e-26,1.11280240975012e-14,0.00118716234431378
513,3.62413284152728e-09,4.76005887890377e-26,1.11266428690173e-14,0.00118449300975794
514,3.61985476867553e-09,4.74322187209525e-26,1.11252664762416e-14,0.00118183549482933
515,3.61559130057594e-09,4.72648189139201e-26,1.11238948915312e-14,0.00117918972172438
516,3.61134235545601e-09,4.70983816488075e-26,1.11225280874617e-14,0.00117655561331784
517,3.60710785217776e-09,4.6932899284647e-26,1.11211660368251e-14,0.00117393309315532
518,3.60288771023138e-09,4.67683642576765e-26,1.1119808712627e-14,0.00117132208544677
519,3.59868184972907e-09,4.66047690803935e-26,1.11184560880854e-14,0.0011687225150582
520,3.59449019139889e-09,4.6442106340623e-26,1.11171081366279e-14,0.0011661343075056
521,3.5903126565787e-09,4.62803687005983e-26,1.11157648318896e-14,0.00116355738894749
522,3.58614916721017e-09,4.61195488960555e-26,1.11144261477115e-14,0.00116099168617798
523,3.5819996458329e-09,4.59596397353403e-26,1.11130920581381e-14,0.00115843712662021
524,3.57786401557852e-09,4.58006340985286e-26,1.11117625374155e-14,0.00115589363831956
525,3.57374220016496e-09,4.5642524936558e-26,1.11104375599892e-14,0.00115336114993653
526,3.56963412389072e-09,4.54853052703734e-26,1.11091171005026e-14,0.00115083959074131
527,3.56553971162926e-09,4.53289681900833e-26,1.11078011337944e-14,0.00114832889060611
528,3.56145888882337e-09,4.5173506854129e-26,1.11064896348973e-14,0.00114582897999941
529,3.55739158147972e-09,4.50189144884648e-26,1.11051825790359e-14,0.00114333978997967
530,3.55333771616341e-09,4.48651843857503e-26,1.11038799416244e-14,0.00114086125218876
531,3.54929721999256e-09,4.47123099045537e-26,1.11025816982653e-14,0.00113839329884639
532,3.54527002063301e-09,4.45602844685664e-26,1.11012878247475e-14,0.00113593586274323
533,3.54125604629309e-09,4.44091015658286e-26,1.10999982970442e-14,0.00113348887723567
534,3.53725522571841e-09,4.42587547479656e-26,1.10987130913111e-14,0.00113105227623954
535,3.53326748818669e-09,4.4109237629435e-26,1.10974321838852e-14,0.00112862599422449
536,3.52929276350277e-09,4.39605438867841e-26,1.10961555512824e-14,0.00112620996620774
537,3.52533098199352e-09,4.38126672579176e-26,1.10948831701959e-14,0.001123804127749
538,3.52138207450294e-09,4.36656015413757e-26,1.10936150174948e-14,0.00112140841494436
539,3.51744597238722e-09,4.35193405956221e-26,1.10923510702222e-14,0.00111902276442114
540,3.51352260750992e-09,4.33738783383414e-26,1.10910913055934e-14,0.00111664711333203
541,3.50961191223717e-09,4.32292087457467e-26,1.10898357009947e-14,0.00111428139934989
542,3.50571381943298e-09,4.30853258518966e-26,1.10885842339812e-14,0.00111192556066222
543,3.50182826245449e-09,4.29422237480214e-26,1.10873368822755e-14,0.00110957953596633
544,3.49795517514741e-09,4.27998965818585e-26,1.10860936237662e-14,0.0011072432644633
545,3.49409449184143e-09,4.26583385569972e-26,1.10848544365062e-14,0.00110491668585357
546,3.49024614734567e-09,4.25175439322317e-26,1.10836192987109e-14,0.00110259974033169
547,3.48641007694427e-09,4.23775070209241e-26,1.10823881887571e-14,0.00110029236858093
548,3.48258621639191e-09,4.22382221903746e-26,1.10811610851814e-14,0.00109799451176872
549,3.47877450190949e-09,4.20996838612013e-26,1.10799379666783e-14,0.00109570611154129
550,3.4749748701798e-09,4.19618865067283e-26,1.10787188120991e-14,0.00109342711001949
551,3.47118725834323e-09,4.18248246523811e-26,1.10775036004504e-14,0.00109115744979342
552,3.46741160399357e-09,4.16884928750913e-26,1.10762923108926e-14,0.0010888970739177
553,3.46364784517384e-09,4.15528858027088e-26,1.10750849227383e-14,0.00108664592590722
554,3.45989592037212e-09,4.14179981134217e-26,1.10738814154511e-14,0.00108440394973223
555,3.45615576851754e-09,4.12838245351842e-26,1.1072681768644e-14,0.00108217108981361
556,3.45242732897618e-09,4.11503598451521e-26,1.10714859620784e-14,0.00107994729101873
557,3.44871054154709e-09,4.10175988691258e-26,1.10702939756623e-14,0.00107773249865688
558,3.44500534645839e-09,4.08855364810008e-26,1.10691057894489e-14,0.0010755266584746
559,3.4413116843633e-09,4.07541676022251e-26,1.10679213836358e-14,0.00107332971665157
560,3.43762949633633e-09,4.06234872012646e-26,1.10667407385631e-14,0.00107114161979651
561,3.43395872386945e-09,4.04934902930743e-26,1.10655638347126e-14,0.00106896231494247
562,3.43029930886829e-09,4.03641719385781e-26,1.10643906527058e-14,0.00106679174954277
563,3.42665119364843e-09,4.02355272441539e-26,1.10632211733033e-14,0.00106462987146719
564,3.42301432093171e-09,4.01075513611264e-26,1.10620553774034e-14,0.00106247662899745
565,3.41938863384258e-09,3.99802394852662e-26,1.10608932460405e-14,0.00106033197082332
566,3.41577407590445e-09,3.98535868562957e-26,1.10597347603842e-14,0.00105819584603861
567,3.41217059103617e-09,3.97275887574012e-26,1.10585799017378e-14,0.00105606820413726
568,3.40857812354844e-09,3.96022405147512e-26,1.10574286515375e-14,0.00105394899500934
569,3.40499661814038e-09,3.94775374970219e-26,1.10562809913508e-14,0.00105183816893738
570,3.40142601989601e-09,3.93534751149273e-26,1.10551369028753e-14,0.00104973567659227
571,3.39786627428085e-09,3.92300488207571e-26,1.10539963679379e-14,0.0010476414690294
572,3.39431732713857e-09,3.91072541079192e-26,1.10528593684935e-14,0.00104555549768562
573,3.3907791246876e-09,3.89850865104887e-26,1.10517258866235e-14,0.00104347771437455
574,3.38725161351781e-09,3.88635416027631e-26,1.10505959045352e-14,0.00104140807128394
575,3.38373474058729e-09,3.87426149988223e-26,1.10494694045602e-14,0.00103934652097122
576,3.38022845321906e-09,3.8622302352095e-26,1.10483463691536e-14,0.00103729301636051
577,3.37673269909789e-09,3.85025993549302e-26,1.10472267808928e-14,0.00103524751073871
578,3.37324742626711e-09,3.83835017381746e-26,1.10461106224766e-14,0.00103320995775239
579,3.36977258312548e-09,3.8265005270755e-26,1.10449978767236e-14,0.0010311803114039
580,3.3663081184241e-09,3.81471057592662e-26,1.10438885265717e-14,0.00102915852604857
581,3.36285398126331e-09,3.80297990475642e-26,1.10427825550769e-14,0.00102714455639068
582,3.35941012108967e-09,3.79130810163645e-26,1.10416799454119e-14,0.00102513835748048
583,3.35597648769296e-09,3.7796947582845e-26,1.10405806808657e-14,0.00102313988471112
584,3.35255303120318e-09,3.76813947002553e-26,1.1039484744842e-14,0.00102114909381497
585,3.34913970208763e-09,3.75664183575291e-26,1.10383921208586e-14,0.00101916594086051
586,3.34573645114798e-09,3.7452014578903e-26,1.1037302792546e-14,0.00101719038224955
587,3.3423432295174e-09,3.73381794235392e-26,1.10362167436469e-14,0.0010152223747134
588,3.33895998865771e-09,3.72249089851533e-26,1.10351339580149e-14,0.0010132618753103
589,3.33558668035653e-09,3.71121993916466e-26,1.10340544196135e-14,0.00101130884142234
590,3.33222325672454e-09,3.70000468047434e-26,1.10329781125153e-14,0.0010093632307521
591,3.32886967019265e-09,3.68884474196319e-26,1.10319050209012e-14,0.00100742500131995
592,3.32552587350933e-09,3.6777397464611e-26,1.10308351290589e-14,0.00100549411146072
593,3.32219181973785e-09,3.66668932007396e-26,1.10297684213828e-14,0.00100357051982113
594,3.31886746225363e-09,3.65569309214926e-26,1.10287048823721e-14,0.00100165418535689
595,3.31555275474161e-09,3.64475069524185e-26,1.10276444966309e-14,0.000999745067329507
596,3.31224765119356e-09,3.63386176508038e-26,1.10265872488666e-14,0.000997843125303768
597,3.30895210590556e-09,3.62302594053395e-26,1.10255331238892e-14,0.000995948319144841
598,3.30566607347536e-09,3.61224286357932e-26,1.10244821066106e-14,0.000994060609015189
599,3.30238950879989e-09,3.60151217926839e-26,1.10234341820435e-14,0.000992179955372304
600,3.29912236707274e-09,3.5908335356962e-26,1.10223893353006e-14,0.000990306318965737
601,3.29586460378162e-09,3.58020658396927e-26,1.10213475515939e-14,0.000988439660834703
602,3.29261617470595e-09,3.56963097817429e-26,1.10203088162336e-14,0.000986579942304606
603,3.28937703591438e-09,3.55910637534723e-26,1.10192731146275e-14,0.000984727124985765
604,3.2861471437624e-09,3.54863243544287e-26,1.10182404322801e-14,0.000982881170769188
605,3.28292645488993e-09,3.53820882130461e-26,1.10172107547916e-14,0.000981042041825678
606,3.27971492621897e-09,3.52783519863471e-26,1.10161840678575e-14,0.000979209700601857
607,3.27651251495123e-09,3.51751123596486e-26,1.10151603572673e-14,0.000977384109818526
608,3.27331917856585e-09,3.50723660462713e-26,1.10141396089041e-14,0.000975565232467949
609,3.27013487481707e-09,3.49701097872526e-26,1.10131218087436e-14,0.000973753031811218
610,3.26695956173195e-09,3.48683403510625e-26,1.10121069428536e-14,0.000971947471376174
611,3.26379319760818e-09,3.47670545333242e-26,1.10110949973927e-14,0.00097014851495453
612,3.26063574101176e-09,3.46662491565362e-26,1.10100859586102e-14,0.000968356126600061
613,3.25748715077487e-09,3.45659210697997e-26,1.10090798128449e-14,0.000966570270625735
614,3.25434738599367e-09,3.44660671485476e-26,1.10080765465243e-14,0.000964790911601547
615,3.25121640602611e-09,3.43666842942775e-26,1.10070761461643e-14,0.00096301801435242
616,3.24809417048981e-09,3.42677694342883e-26,1.10060785983681e-14,0.00096125154395568
617,3.24498063925996e-09,3.4169319521419e-26,1.10050838898255e-14,0.000959491465738851
618,3.24187577246716e-09,3.4071331533791e-26,1.10040920073125e-14,0.000957737745277663
619,3.23877953049543e-09,3.3973802474554e-26,1.10031029376901e-14,0.000955990348393355
620,3.23569187398009e-09,3.38767293716337e-26,1.1002116667904e-14,0.000954249241150835
621,3.23261276380573e-09,3.37801092774839e-26,1.10011331849839e-14,0.000952514389856782
622,3.22954216110422e-09,3.36839392688402e-26,1.10001524760423e-14,0.000950785761056678
623,3.2264800272527e-09,3.35882164464776e-26,1.09991745282746e-14,0.000949063321533577
624,3.22342632387158e-09,3.34929379349706e-26,1.09981993289578e-14,0.000947347038305553
625,3.22038101282263e-09,3.33981008824556e-26,1.099722686545e-14,0.000945636878623734
626,3.21734405620702e-09,3.3303702460397e-26,1.09962571251901e-14,0.000943932809970035
627,3.21431541636337e-09,3.32097398633556e-26,1.09952900956966e-14,0.000942234800055485
628,3.21129505586589e-09,3.31162103087593e-26,1.09943257645673e-14,0.000940542816818123
629,3.20828293752249e-09,3.30231110366772e-26,1.09933641194783e-14,0.000938856828420848
630,3.2052790243729e-09,3.2930439309596e-26,1.09924051481841e-14,0.00093717680324961
631,3.20228327968685e-09,3.28381924121985e-26,1.09914488385161e-14,0.000935502709911556
632,3.19929566696221e-09,3.2746367651146e-26,1.09904951783826e-14,0.000933834517232488
633,3.1963161499232e-09,3.26549623548615e-26,1.09895441557677e-14,0.000932172194255954
634,3.1933446925186e-09,3.25639738733167e-26,1.09885957587313e-14,0.000930515710240749
635,3.19038125891996e-09,3.24733995778211e-26,1.09876499754078e-14,0.000928865034658885
636,3.18742581351985e-09,3.23832368608132e-26,1.0986706794006e-14,0.000927220137194303
637,3.18447832093012e-09,3.22934831356544e-26,1.09857662028085e-14,0.000925580987740501
638,3.18153874598019e-09,3.22041358364253e-26,1.09848281901706e-14,0.000923947556399422
639,3.17860705371528e-09,3.21151924177243e-26,1.09838927445204e-14,0.000922319813478478
640,3.17568320939481e-09,3.20266503544682e-26,1.09829598543577e-14,0.000920697729490404
641,3.17276717849065e-09,3.19385071416955e-26,1.09820295082539e-14,0.000919081275149939
642,3.16985892668549e-09,3.18507602943716e-26,1.09811016948509e-14,0.000917470421373211
643,3.1669584198712e-09,3.17634073471967e-26,1.09801764028609e-14,0.000915865139275249
644,3.16406562414717e-09,3.16764458544152e-26,1.09792536210659e-14,0.000914265400168906
645,3.16118050581876e-09,3.15898733896277e-26,1.09783333383167e-14,0.000912671175562684
646,3.15830303139563e-09,3.1503687545605e-26,1.09774155435331e-14,0.000911082437159582
647,3.15543316759019e-09,3.14178859341046e-26,1.09765002257024e-14,0.00090949915685485
648,3.15257088131606e-09,3.13324661856883e-26,1.097558737388e-14,0.000907921306734759
649,3.14971613968644e-09,3.12474259495429e-26,1.09746769771877e-14,0.000906348859074942
650,3.14686891001267e-09,3.11627628933023e-26,1.09737690248142e-14,0.000904781786338698
651,3.14402915980261e-09,3.10784747028719e-26,1.09728635060139e-14,0.00090322006117539
652,3.14119685675922e-09,3.09945590822546e-26,1.09719604101065e-14,0.000901663656419081
653,3.13837196877897e-09,3.09110137533792e-26,1.09710597264769e-14,0.000900112545086862
654,3.13555446395044e-09,3.08278364559302e-26,1.09701614445743e-14,0.000898566700377015
655,3.13274431055282e-09,3.07450249471803e-26,1.09692655539118e-14,0.000897026095668208
656,3.12994147705444e-09,3.06625770018238e-26,1.09683720440657e-14,0.000895490704517061
657,3.12714593211134e-09,3.05804904118123e-26,1.09674809046756e-14,0.000893960500657666
658,3.12435764456586e-09,3.04987629861925e-26,1.09665921254432e-14,0.000892435457999226
659,3.1215765834452e-09,3.04173925509453e-26,1.09657056961325e-14,0.000890915550625113
660,3.11880271796004e-09,3.03363769488271e-26,1.09648216065687e-14,0.0008894007527915
661,3.11603601750313e-09,3.02557140392123e-26,1.09639398466381e-14,0.000887891038925435
662,3.11327645164793e-09,3.01754016979382e-26,1.09630604062875e-14,0.000886386383623536
663,3.11052399014725e-09,3.00954378171512e-26,1.0962183275524e-14,0.000884886761651333
664,3.10777860293188e-09,3.00158203051546e-26,1.09613084444141e-14,0.000883392147940845
665,3.10504026010927e-09,2.99365470862585e-26,1.09604359030835e-14,0.000881902517589859
666,3.1023089319622e-09,2.98576161006309e-26,1.09595656417167e-14,0.00088041784586011
667,3.09958458894746e-09,2.97790253041505e-26,1.09586976505564e-14,0.000878938108176772
668,3.09686720169454e-09,2.97007726682617e-26,1.09578319199032e-14,0.000877463280125913
669,3.09415674100439e-09,2.962285617983e-26,1.0956968440115e-14,0.000875993337454063
670,3.09145317784805e-09,2.95452738410003e-26,1.09561072016069e-14,0.000874528256066946
671,3.08875648336548e-09,2.94680236690556e-26,1.09552481948502e-14,0.000873068012027254
672,3.08606662886425e-09,2.93911036962781e-26,1.09543914103726e-14,0.000871612581554666
673,3.08338358581829e-09,2.93145119698111e-26,1.09535368387574e-14,0.000870161941023565
674,3.0807073258667e-09,2.92382465515229e-26,1.0952684470643e-14,0.000868716066962064
675,3.0780378208125e-09,2.91623055178721e-26,1.09518342967228e-14,0.000867274936051011
676,3.07537504262139e-09,2.90866869597741e-26,1.09509863077448e-14,0.000865838525122428
677,3.07271896342064e-09,2.90113889824689e-26,1.09501404945107e-14,0.000864406811158596
678,3.07006955549779e-09,2.89364097053913e-26,1.09492968478761e-14,0.000862979771290443
679,3.06742679129956e-09,2.88617472620411e-26,1.09484553587498e-14,0.000861557382796848
680,3.06479064343063e-09,2.87873997998555e-26,1.09476160180934e-14,0.000860139623102978
681,3.06216108465251e-09,2.8713365480083e-26,1.09467788169208e-14,0.000858726469779274
682,3.05953808788238e-09,2.86396424776583e-26,1.09459437462983e-14,0.000857317900540682
683,3.05692162619196e-09,2.85662289810784e-26,1.09451107973436e-14,0.000855913893244642
684,3.05431167280638e-09,2.84931231922802e-26,1.09442799612258e-14,0.000854514425890954
685,3.05170820110306e-09,2.84203233265198e-26,1.0943451229165e-14,0.000853119476619851
686,3.0491111846106e-09,2.83478276122524e-26,1.09426245924315e-14,0.00085172902371114
687,3.04652059700771e-09,2.82756342910137e-26,1.09418000423463e-14,0.000850343045583312
688,3.04393641212208e-09,2.82037416173028e-26,1.09409775702798e-14,0.000848961520792096
689,3.04135860392934e-09,2.81321478584661e-26,1.09401571676519e-14,0.000847584428029662
690,3.03878714655196e-09,2.80608512945826e-26,1.09393388259317e-14,0.0008462117461234
691,3.03622201425822e-09,2.79898502183498e-26,1.09385225366371e-14,0.000844843454034665
692,3.03366318146113e-09,2.79191429349721e-26,1.0937708291334e-14,0.000843479530858064
693,3.03111062271745e-09,2.78487277620486e-26,1.09368960816367e-14,0.00084211995582043
694,3.02856431272655e-09,2.77786030294637e-26,1.09360858992069e-14,0.000840764708279377
695,3.02602422632951e-09,2.77087670792779e-26,1.09352777357538e-14,0.000839413767722375
696,3.02349033850801e-09,2.76392182656203e-26,1.09344715830336e-14,0.000838067113766354
697,3.0209626243834e-09,2.75699549545812e-26,1.09336674328488e-14,0.00083672472615564
698,3.01844105921564e-09,2.75009755241073e-26,1.09328652770486e-14,0.000835386584761933
699,3.01592561840235e-09,2.74322783638969e-26,1.09320651075279e-14,0.000834052669582751
700,3.01341627747782e-09,2.73638618752964e-26,1.09312669162274e-14,0.000832722960740678
701,3.01091301211206e-09,2.72957244711982e-26,1.09304706951331e-14,0.000831397438482042
702,3.0084157981098e-09,2.72278645759394e-26,1.09296764362759e-14,0.000830076083176678
703,3.00592461140956e-09,2.71602806252012e-26,1.09288841317313e-14,0.000828758875316017
704,3.00343942808271e-09,2.70929710659104e-26,1.09280937736193e-14,0.000827445795513078
705,3.00096022433253e-09,2.70259343561406e-26,1.09273053541038e-14,0.000826136824500802
706,2.99848697649326e-09,2.69591689650154e-26,1.09265188653926e-14,0.000824831943131456
707,2.99601966102919e-09,2.68926733726121e-26,1.09257342997366e-14,0.000823531132376025
708,2.99355825453377e-09,2.68264460698664e-26,1.092495164943e-14,0.000822234373322343
709,2.99110273372867e-09,2.67604855584784e-26,1.09241709068098e-14,0.000820941647175416
710,2.98865307546291e-09,2.66947903508194e-26,1.09233920642553e-14,0.000819652935255376
711,2.98620925671194e-09,2.66293589698392e-26,1.09226151141882e-14,0.000818368218997629
712,2.98377125457678e-09,2.65641899489752e-26,1.0921840049072e-14,0.000817087479951054
713,2.98133904628316e-09,2.64992818320618e-26,1.09210668614116e-14,0.000815810699777701
714,2.9789126091806e-09,2.64346331732405e-26,1.09202955437536e-14,0.000814537860251918
715,2.9764919207416e-09,2.63702425368721e-26,1.09195260886852e-14,0.000813268943259194
716,2.97407695856076e-09,2.63061084974481e-26,1.09187584888346e-14,0.000812003930795661
717,2.97166770035395e-09,2.62422296395046e-26,1.09179927368702e-14,0.000810742804966904
718,2.96926412395745e-09,2.61786045575359e-26,1.09172288255007e-14,0.000809485547987157
719,2.96686620732714e-09,2.61152318559095e-26,1.09164667474747e-14,0.000808232142179186
720,2.96447392853767e-09,2.60521101487819e-26,1.09157064955802e-14,0.000806982569972345
721,2.96208726578164e-09,2.59892380600153e-26,1.09149480626448e-14,0.000805736813902563
722,2.95970619736877e-09,2.59266142230949e-26,1.09141914415349e-14,0.000804494856611346
723,2.95733070172515e-09,2.58642372810471e-26,1.09134366251556e-14,0.000803256680844895
724,2.95496075739236e-09,2.58021058863589e-26,1.09126836064509e-14,0.000802022269453496
725,2.95259634302675e-09,2.57402187008974e-26,1.09119323784026e-14,0.000800791605390185
726,2.95023743739865e-09,2.56785743958309e-26,1.09111829340307e-14,0.000799564671711093
727,2.94788401939154e-09,2.56171716515499e-26,1.09104352663928e-14,0.000798341451573378
728,2.94553606800133e-09,2.555600915759e-26,1.09096893685841e-14,0.000797121928235536
729,2.94319356233557e-09,2.5495085612554e-26,1.09089452337368e-14,0.000795906085055872
730,2.9408564816127e-09,2.54343997240368e-26,1.09082028550201e-14,0.000794693905492218
731,2.93852480516131e-09,2.5373950208549e-26,1.090746222564e-14,0.000793485373101071
732,2.93619851241937e-09,2.53137357914427e-26,1.09067233388388e-14,0.000792280471536872
733,2.93387758293349e-09,2.52537552068373e-26,1.0905986187895e-14,0.000791079184551109
734,2.93156199635821e-09,2.51940071975466e-26,1.09052507661229e-14,0.000789881495991848
735,2.92925173245527e-09,2.51344905150056e-26,1.09045170668729e-14,0.000788687389802956
736,2.92694677109284e-09,2.50752039191995e-26,1.09037850835303e-14,0.000787496850023174
737,2.92464709224489e-09,2.50161461785918e-26,1.0903054809516e-14,0.000786309860785885
738,2.9223526759904e-09,2.49573160700545e-26,1.09023262382857e-14,0.000785126406317873
739,2.92006350251269e-09,2.48987123787981e-26,1.09015993633299e-14,0.000783946470939065
740,2.91777955209872e-09,2.48403338983025e-26,1.09008741781735e-14,0.000782770039061404
741,2.9155008051384e-09,2.47821794302487e-26,1.09001506763758e-14,0.00078159709518857
742,2.9132272421239e-09,2.47242477844511e-26,1.08994288515299e-14,0.000780427623915532
743,2.91095884364897e-09,2.46665377787905e-26,1.08987086972629e-14,0.000779261609926967
744,2.90869559040825e-09,2.46090482391475e-26,1.08979902072355e-14,0.000778099037997499
745,2.90643746319661e-09,2.45517779993368e-26,1.08972733751414e-14,0.000776939892990801
746,2.90418444290849e-09,2.44947259010424e-26,1.08965581947078e-14,0.000775784159858389
747,2.90193651053725e-09,2.44378907937524e-26,1.08958446596947e-14,0.000774631823640121
748,2.89969364717447e-09,2.43812715346959e-26,1.08951327638947e-14,0.0007734828694624
749,2.89745583400936e-09,2.43248669887793e-26,1.08944225011329e-14,0.000772337282538077
750,2.89522305232806e-09,2.42686760285236e-26,1.08937138652666e-14,0.000771195048166057
751,2.89299528351307e-09,2.42126975340026e-26,1.08930068501852e-14,0.000770056151730035
752,2.89077250904253e-09,2.41569303927811e-26,1.08923014498099e-14,0.000768920578698796
753,2.88855471048966e-09,2.41013734998546e-26,1.08915976580934e-14,0.000767788314624356
754,2.88634186952212e-09,2.40460257575884e-26,1.08908954690199e-14,0.000766659345142668
755,2.88413396790135e-09,2.39908860756581e-26,1.08901948766048e-14,0.000765533655972166
756,2.88193098748204e-09,2.39359533709906e-26,1.08894958748944e-14,0.000764411232913452
757,2.87973291021143e-09,2.38812265677054e-26,1.08887984579659e-14,0.000763292061848533
758,2.87753971812877e-09,2.38267045970565e-26,1.08881026199269e-14,0.00076217612874077
759,2.87535139336469e-09,2.37723863973751e-26,1.08874083549154e-14,0.000761063419633667
760,2.87316791814061e-09,2.37182709140125e-26,1.08867156570997e-14,0.000759953920650366
761,2.87098927476817e-09,2.36643570992839e-26,1.0886024520678e-14,0.000758847617993562
762,2.86881544564861e-09,2.36106439124122e-26,1.08853349398782e-14,0.000757744497944694
763,2.86664641327222e-09,2.3557130319473e-26,1.08846469089578e-14,0.00075664454686312
764,2.86448216021776e-09,2.35038152933397e-26,1.08839604222039e-14,0.000755547751185568
765,2.86232266915186e-09,2.34506978136293e-26,1.08832754739326e-14,0.000754454097426452
766,2.8601679228285e-09,2.33977768666481e-26,1.08825920584889e-14,0.000753363572176004
767,2.85801790408839e-09,2.33450514453392e-26,1.08819101702468e-14,0.000752276162100853
768,2.85587259585849e-09,2.32925205492292e-26,1.08812298036089e-14,0.000751191853942719
769,2.85373198115136e-09,2.32401831843759e-26,1.08805509530061e-14,0.000750110634518251
770,2.8515960430647e-09,2.31880383633169e-26,1.08798736128979e-14,0.000749032490718713
771,2.84946476478075e-09,2.31360851050176e-26,1.08791977777714e-14,0.000747957409508933
772,2.84733812956576e-09,2.30843224348213e-26,1.0878523442142e-14,0.000746885377927115
773,2.84521612076947e-09,2.30327493843979e-26,1.08778506005525e-14,0.000745816383084207
774,2.84309872182457e-09,2.29813649916946e-26,1.08771792475735e-14,0.000744750412163694
775,2.84098591624616e-09,2.29301683008862e-26,1.08765093778028e-14,0.000743687452420363
776,2.83887768763122e-09,2.28791583623262e-26,1.08758409858654e-14,0.000742627491180661
777,2.83677401965814e-09,2.28283342324983e-26,1.08751740664133e-14,0.000741570515841879
778,2.83467489608613e-09,2.27776949739684e-26,1.08745086141253e-14,0.000740516513871186
779,2.83258030075477e-09,2.27272396553366e-26,1.08738446237071e-14,0.0007394654728061
780,2.83049021758347e-09,2.26769673511904e-26,1.08731820898905e-14,0.000738417380252921
781,2.82840463057098e-09,2.26268771420578e-26,1.0872521007434e-14,0.000737372223887191
782,2.82632352379486e-09,2.25769681143611e-26,1.08718613711219e-14,0.000736329991452544
783,2.82424688141103e-09,2.25272393603706e-26,1.08712031757648e-14,0.000735290670760856
784,2.82217468765325e-09,2.24776899781595e-26,1.08705464161989e-14,0.000734254249690787
785,2.82010692683263e-09,2.24283190715588e-26,1.08698910872861e-14,0.000733220716188793
786,2.81804358333715e-09,2.23791257501124e-26,1.08692371839139e-14,0.000732190058267064
787,2.81598464163117e-09,2.23301091290331e-26,1.08685847009951e-14,0.000731162264004375
788,2.81393008625498e-09,2.22812683291586e-26,1.08679336334675e-14,0.000730137321544739
789,2.81187990182428e-09,2.2232602476908e-26,1.08672839762941e-14,0.000729115219097658
790,2.80983407302977e-09,2.21841107042392e-26,1.08666357244628e-14,0.000728095944936755
791,2.8077925846366e-09,2.21357921486054e-26,1.0865988872986e-14,0.000727079487400603
792,2.805755421484e-09,2.20876459529136e-26,1.08653434169008e-14,0.000726065834891044
793,2.80372256848475e-09,2.20396712654824e-26,1.08646993512685e-14,0.000725054975873562
794,2.80169401062476e-09,2.19918672400004e-26,1.08640566711749e-14,0.000724046898876468
795,2.79966973296259e-09,2.19442330354851e-26,1.08634153717298e-14,0.000723041592490674
796,2.79764972062903e-09,2.18967678162425e-26,1.08627754480667e-14,0.000722039045369301
797,2.79563395882663e-09,2.18494707518259e-26,1.08621368953432e-14,0.000721039246226698
798,2.79362243282927e-09,2.18023410169968e-26,1.08614997087404e-14,0.000720042183839074
799,2.79161512798173e-09,2.17553777916843e-26,1.08608638834628e-14,0.00071904784704306
800,2.7896120296992e-09,2.17085802609467e-26,1.08602294147385e-14,0.00071805622473573
801,2.78761312346694e-09,2.16619476149316e-26,1.08595962978185e-14,0.000717067305874482
802,2.78561839483975e-09,2.16154790488381e-26,1.08589645279769e-14,0.000716081079476014
803,2.78362782944163e-09,2.15691737628779e-26,1.0858334100511e-14,0.000715097534616327
804,2.78164141296529e-09,2.15230309622378e-26,1.08577050107406e-14,0.000714116660430442
805,2.77965913117176e-09,2.14770498570416e-26,1.08570772540081e-14,0.000713138446111493
806,2.77768096989e-09,2.14312296623135e-26,1.08564508256785e-14,0.000712162880910722
807,2.77570691501641e-09,2.13855695979405e-26,1.08558257211391e-14,0.000711189954137311
808,2.7737369525145e-09,2.13400688886364e-26,1.08552019357996e-14,0.000710219655157468
809,2.77177106841443e-09,2.12947267639049e-26,1.08545794650914e-14,0.000709251973394245
810,2.76980924881263e-09,2.1249542458004e-26,1.08539583044682e-14,0.000708286898327203
811,2.76785147987139e-09,2.12045152099106e-26,1.08533384494053e-14,0.000707324419492074
812,2.76589774781845e-09,2.11596442632843e-26,1.08527198953997e-14,0.00070636452648041
813,2.76394803894665e-09,2.11149288664335e-26,1.085210263797e-14,0.000705407208939086
814,2.76200233961346e-09,2.10703682722798e-26,1.08514866726561e-14,0.000704452456569782
815,2.76006063624065e-09,2.1025961738324e-26,1.08508719950194e-14,0.000703500259129374
816,2.75812291531389e-09,2.0981708526612e-26,1.08502586006421e-14,0.000702550606428508
817,2.75618916338236e-09,2.09376079037006e-26,1.08496464851277e-14,0.000701603488331971
818,2.75425936705836e-09,2.08936591406247e-26,1.08490356441006e-14,0.000700658894758008
819,2.75233351301695e-09,2.08498615128633e-26,1.08484260732057e-14,0.000699716815678384
820,2.75041158799555e-09,2.08062143003073e-26,1.08478177681088e-14,0.000698777241117232
821,2.7484935787936e-09,2.07627167872263e-26,1.08472107244961e-14,0.000697840161151704
822,2.74657947227216e-09,2.07193682622363e-26,1.08466049380742e-14,0.000696905565910963
823,2.74466925535354e-09,2.06761680182681e-26,1.08460004045699e-14,0.000695973445575767
824,2.74276291502097e-09,2.06331153525349e-26,1.08453971197303e-14,0.000695043790378956
825,2.74086043831821e-09,2.05902095665011e-26,1.08447950793225e-14,0.000694116590603814
826,2.73896181234917e-09,2.05474499658511e-26,1.08441942791333e-14,0.000693191836585003
827,2.7370670242776e-09,2.05048358604581e-26,1.08435947149694e-14,0.000692269518707365
828,2.73517606132671e-09,2.04623665643536e-26,1.08429963826574e-14,0.000691349627406237
829,2.73328891077882e-09,2.04200413956967e-26,1.0842399278043e-14,0.000690432153166401
830,2.73140555997499e-09,2.03778596767443e-26,1.08418033969917e-14,0.000689517086522533
831,2.72952599631473e-09,2.03358207338207e-26,1.08412087353881e-14,0.000688604418058141
832,2.72765020725558e-09,2.02939238972883e-26,1.08406152891361e-14,0.00068769413840601
833,2.72577818031282e-09,2.0252168501518e-26,1.08400230541587e-14,0.000686786238247275
834,2.72390990305914e-09,2.02105538848603e-26,1.08394320263977e-14,0.000685880708311252
835,2.72204536312424e-09,2.0169079389616e-26,1.0838842201814e-14,0.000684977539375258
836,2.72018454819455e-09,2.01277443620076e-26,1.08382535763871e-14,0.000684076722264431
837,2.7183274460129e-09,2.00865481521513e-26,1.08376661461151e-14,0.000683178247850934
838,2.71647404437814e-09,2.00454901140283e-26,1.08370799070148e-14,0.000682282107054069
839,2.71462433114487e-09,2.00045696054572e-26,1.08364948551212e-14,0.000681388290840075
840,2.71277829422307e-09,1.99637859880662e-26,1.08359109864877e-14,0.000680496790221326
841,2.7109359215778e-09,1.99231386272655e-26,1.0835328297186e-14,0.000679607596256266
842,2.70909720122888e-09,1.98826268922202e-26,1.08347467833058e-14,0.000678720700049512
843,2.70726212125056e-09,1.98422501558235e-26,1.08341664409546e-14,0.000677836092750868
844,2.70543066977121e-09,1.98020077946694e-26,1.08335872662582e-14,0.000676953765555566
845,2.703602834973e-09,1.97618991890267e-26,1.08330092553597e-14,0.000676073709703886
846,2.70177860509161e-09,1.97219237228123e-26,1.08324324044203e-14,0.000675195916480466
847,2.69995796841589e-09,1.96820807835653e-26,1.08318567096184e-14,0.000674320377214684
848,2.69814091328755e-09,1.9642369762421e-26,1.08312821671501e-14,0.000673447083279952
849,2.69632742810092e-09,1.96027900540855e-26,1.08307087732289e-14,0.000672576026093019
850,2.69451750130254e-09,1.95633410568097e-26,1.08301365240852e-14,0.000671707197114942
851,2.69271112139096e-09,1.95240221723647e-26,1.08295654159671e-14,0.000670840587849613
852,2.69090827691637e-09,1.94848328060163e-26,1.08289954451392e-14,0.000669976189843957
853,2.68910895648035e-09,1.94457723665004e-26,1.08284266078836e-14,0.000669113994687674
854,2.68731314873554e-09,1.94068402659985e-26,1.08278589004988e-14,0.000668253994012967
855,2.68552084238538e-09,1.93680359201131e-26,1.08272923193003e-14,0.000667396179494125
856,2.68373202618379e-09,1.93293587478434e-26,1.08267268606202e-14,0.000666540542847551
857,2.6819466889349e-09,1.92908081715616e-26,1.08261625208073e-14,0.00066568707583102
858,2.68016481949275e-09,1.9252383616989e-26,1.08255992962268e-14,0.000664835770244174
859,2.67838640676102e-09,1.92140845131723e-26,1.08250371832601e-14,0.000663986617927143
860,2.67661143969275e-09,1.91759102924602e-26,1.08244761783051e-14,0.000663139610761653
861,2.67483990729001e-09,1.91378603904804e-26,1.08239162777759e-14,0.000662294740669645
862,2.67307179860372e-09,1.90999342461162e-26,1.08233574781026e-14,0.000661451999613281
863,2.67130710273326e-09,1.90621313014842e-26,1.08227997757313e-14,0.00066061137959542
864,2.66954580882628e-09,1.90244510019111e-26,1.08222431671241e-14,0.000659772872658221
865,2.66778790607838e-09,1.89868927959116e-26,1.0821687648759e-14,0.000658936470884073
866,2.66603338373287e-09,1.89494561351661e-26,1.08211332171294e-14,0.000658102166393883
867,2.66428223108046e-09,1.89121404744984e-26,1.08205798687447e-14,0.000657269951348772
868,2.66253443745906e-09,1.8874945271854e-26,1.08200276001297e-14,0.000656439817947734
869,2.66078999225343e-09,1.88378699882784e-26,1.08194764078247e-14,0.000655611758429175
870,2.65904888489497e-09,1.88009140878954e-26,1.08189262883853e-14,0.000654785765069642
871,2.65731110486147e-09,1.87640770378857e-26,1.08183772383825e-14,0.000653961830183805
872,2.6555766416768e-09,1.8727358308466e-26,1.08178292544025e-14,0.000653139946124271
873,2.65384548491068e-09,1.86907573728677e-26,1.08172823330465e-14,0.000652320105281552
874,2.65211762417843e-09,1.8654273707316e-26,1.0816736470931e-14,0.000651502300083407
875,2.65039304914072e-09,1.86179067910094e-26,1.0816191664687e-14,0.000650686522995116
876,2.64867174950327e-09,1.85816561060993e-26,1.08156479109608e-14,0.000649872766518656
877,2.64695371501666e-09,1.85455211376693e-26,1.08151052064133e-14,0.000649061023193128
878,2.64523893547603e-09,1.85095013737152e-26,1.08145635477201e-14,0.000648251285593922
879,2.64352740072088e-09,1.84735963051249e-26,1.08140229315714e-14,0.000647443546332979
880,2.64181910063478e-09,1.84378054256588e-26,1.08134833546719e-14,0.000646637798058424
881,2.64011402514514e-09,1.84021282319299e-26,1.08129448137408e-14,0.000645834033454036
882,2.63841216422298e-09,1.8366564223384e-26,1.08124073055119e-14,0.000645032245239343
883,2.63671350788269e-09,1.8331112902281e-26,1.08118708267328e-14,0.000644232426169555
884,2.63501804618174e-09,1.8295773773675e-26,1.08113353741656e-14,0.000643434569034869
885,2.63332576922053e-09,1.82605463453956e-26,1.08108009445867e-14,0.000642638666660867
886,2.63163666714206e-09,1.82254301280288e-26,1.08102675347862e-14,0.0006418447119075
887,2.62995073013177e-09,1.81904246348983e-26,1.08097351415683e-14,0.000641052697669791
888,2.62826794841726e-09,1.81555293820471e-26,1.08092037617512e-14,0.000640262616876973
889,2.62658831226809e-09,1.81207438882186e-26,1.08086733921669e-14,0.000639474462492241
890,2.6249118119955e-09,1.80860676748387e-26,1.08081440296609e-14,0.000638688227513299
891,2.62323843795226e-09,1.80515002659973e-26,1.08076156710927e-14,0.000637903904971318
892,2.62156818053237e-09,1.80170411884305e-26,1.08070883133353e-14,0.000637121487931006
893,2.61990103017086e-09,1.79826899715025e-26,1.08065619532749e-14,0.000636340969490662
894,2.61823697734358e-09,1.79484461471882e-26,1.08060365878117e-14,0.000635562342781607
895,2.61657601256697e-09,1.79143092500552e-26,1.08055122138587e-14,0.000634785600968394
896,2.61491812639781e-09,1.78802788172466e-26,1.08049888283426e-14,0.000634010737248072
897,2.61326330943304e-09,1.78463543884636e-26,1.08044664282032e-14,0.00063323774485039
898,2.61161155230953e-09,1.78125355059483e-26,1.08039450103933e-14,0.000632466617037689
899,2.60996284570386e-09,1.77788217144666e-26,1.0803424571879e-14,0.000631697347104148
900,2.60831718033209e-09,1.77452125612915e-26,1.08029051096393e-14,0.000630929928376307
901,2.60667454694957e-09,1.7711707596186e-26,1.0802386620666e-14,0.000630164354212305
902,2.60503493635072e-09,1.76783063713867e-26,1.0801869101964e-14,0.000629400618002079
903,2.60339833936879e-09,1.76450084415872e-26,1.08013525505509e-14,0.000628638713166916
904,2.60176474687572e-09,1.76118133639217e-26,1.0800836963457e-14,0.000627878633159327
905,2.60013414978186e-09,1.75787206979486e-26,1.08003223377251e-14,0.000627120371463072
906,2.59850653903578e-09,1.75457300056347e-26,1.0799808670411e-14,0.000626363921592551
907,2.59688190562411e-09,1.7512840851339e-26,1.07992959585825e-14,0.000625609277093138
908,2.59526024057127e-09,1.74800528017968e-26,1.07987841993203e-14,0.000624856431540729
909,2.5936415349393e-09,1.74473654261037e-26,1.07982733897171e-14,0.000624105378541117
910,2.59202577982769e-09,1.74147782957006e-26,1.07977635268782e-14,0.000623356111730964
911,2.59041296637309e-09,1.73822909843577e-26,1.0797254607921e-14,0.000622608624776375
912,2.58880308574921e-09,1.73499030681591e-26,1.07967466299751e-14,0.000621862911373546
913,2.58719612916657e-09,1.73176141254877e-26,1.07962395901823e-14,0.000621118965248293
914,2.5855920878723e-09,1.72854237370102e-26,1.07957334856963e-14,0.000620376780155733
915,2.58399095314997e-09,1.72533314856615e-26,1.07952283136829e-14,0.000619636349880446
916,2.58239271631937e-09,1.72213369566305e-26,1.07947240713197e-14,0.000618897668235996
917,2.58079736873634e-09,1.71894397373447e-26,1.07942207557963e-14,0.000618160729065243
918,2.57920490179257e-09,1.71576394174557e-26,1.07937183643141e-14,0.000617425526239381
919,2.57761530691541e-09,1.71259355888249e-26,1.0793216894086e-14,0.000616692053658406
920,2.57602857556766e-09,1.70943278455087e-26,1.07927163423367e-14,0.000615960305250945
921,2.57444469924744e-09,1.70628157837442e-26,1.07922167063027e-14,0.000615230274973766
922,2.57286366948793e-09,1.7031399001935e-26,1.07917179832317e-14,0.000614501956811595
923,2.57128547785724e-09,1.70000771006371e-26,1.07912201703831e-14,0.000613775344777425
924,2.56971011595819e-09,1.6968849682545e-26,1.07907232650276e-14,0.000613050432911688
925,2.56813757542817e-09,1.69377163524774e-26,1.07902272644474e-14,0.000612327215283039
926,2.5665678479389e-09,1.69066767173638e-26,1.07897321659359e-14,0.00061160568598688
927,2.5650009251963e-09,1.68757303862304e-26,1.07892379667977e-14,0.000610885839146302
928,2.56343679894029e-09,1.6844876970187e-26,1.07887446643486e-14,0.000610167668911731
929,2.5618754609446e-09,1.68141160824131e-26,1.07882522559156e-14,0.000609451169460415
930,2.56031690301663e-09,1.67834473381445e-26,1.07877607388366e-14,0.000608736334996388
931,2.55876111699723e-09,1.67528703546604e-26,1.07872701104607e-14,0.000608023159750273
932,2.55720809476054e-09,1.67223847512697e-26,1.07867803681479e-14,0.000607311637979565
933,2.55565782821385e-09,1.66919901492983e-26,1.07862915092689e-14,0.000606601763968111
934,2.55411030929737e-09,1.66616861720758e-26,1.07858035312054e-14,0.000605893532025739
935,2.55256552998409e-09,1.66314724449231e-26,1.07853164313498e-14,0.000605186936488376
936,2.55102348227962e-09,1.6601348595139e-26,1.07848302071053e-14,0.000604481971718165
937,2.549484158222e-09,1.65713142519879e-26,1.07843448558857e-14,0.000603778632102925
938,2.54794754988154e-09,1.65413690466869e-26,1.07838603751153e-14,0.00060307691205611
939,2.54641364936064e-09,1.65115126123938e-26,1.07833767622291e-14,0.00060237680601642
940,2.54488244879365e-09,1.64817445841941e-26,1.07828940146726e-14,0.000601678308448402
941,2.54335394034668e-09,1.64520645990889e-26,1.07824121299016e-14,0.000600981413841416
942,2.54182811621745e-09,1.6422472295983e-26,1.07819311053824e-14,0.000600286116709901
943,2.54030496863513e-09,1.63929673156722e-26,1.07814509385916e-14,0.00059959241159364
944,2.53878448986014e-09,1.63635493008317e-26,1.07809716270159e-14,0.000598900293056719
945,2.53726667218406e-09,1.63342178960039e-26,1.07804931681525e-14,0.000598209755688116
946,2.5357515079294e-09,1.63049727475867e-26,1.07800155595087e-14,0.000597520794101139
947,2.53423898944948e-09,1.62758135038215e-26,1.07795387986018e-14,0.000596833402933689
948,2.53272910912826e-09,1.62467398147817e-26,1.07790628829592e-14,0.000596147576847697
949,2.53122185938019e-09,1.62177513323613e-26,1.07785878101183e-14,0.000595463310529378
950,2.52971723265004e-09,1.61888477102627e-26,1.07781135776265e-14,0.000594780598688828
951,2.52821522141276e-09,1.61600286039862e-26,1.07776401830412e-14,0.000594099436059621
952,2.52671581817332e-09,1.61312936708176e-26,1.07771676239294e-14,0.000593419817399714
953,2.52521901546655e-09,1.61026425698181e-26,1.07766958978682e-14,0.000592741737490054
954,2.52372480585699e-09,1.60740749618122e-26,1.07762250024442e-14,0.000592065191135151
955,2.52223318193877e-09,1.60455905093769e-26,1.07757549352538e-14,0.000591390173162994
956,2.5207441363354e-09,1.60171888768309e-26,1.07752856939032e-14,0.000590716678424477
957,2.51925766169966e-09,1.59888697302235e-26,1.0774817276008e-14,0.000590044701793795
958,2.51777375071345e-09,1.59606327373237e-26,1.07743496791934e-14,0.000589374238167705
959,2.51629239608765e-09,1.59324775676094e-26,1.07738829010941e-14,0.000588705282466089
960,2.51481359056192e-09,1.59044038922569e-26,1.07734169393544e-14,0.0005880378296312
961,2.51333732690465e-09,1.58764113841303e-26,1.07729517916278e-14,0.000587371874628068
962,2.5118635979127e-09,1.58484997177705e-26,1.07724874555774e-14,0.0005867074124439
963,2.51039239641137e-09,1.58206685693855e-26,1.07720239288753e-14,0.000586044438088318
964,2.50892371525416e-09,1.57929176168394e-26,1.07715612092031e-14,0.00058538294659309
965,2.50745754732268e-09,1.57652465396424e-26,1.07710992942517e-14,0.000584722933012033
966,2.50599388552652e-09,1.57376550189404e-26,1.07706381817208e-14,0.000584064392420735
967,2.50453272280307e-09,1.5710142737505e-26,1.07701778693197e-14,0.000583407319916625
968,2.50307405211739e-09,1.56827093797234e-26,1.07697183547664e-14,0.000582751710618856
969,2.5016178664621e-09,1.56553546315883e-26,1.0769259635788e-14,0.000582097559668207
970,2.50016415885721e-09,1.56280781806881e-26,1.07688017101209e-14,0.000581444862226631
971,2.49871292235e-09,1.56008797161969e-26,1.076834457551e-14,0.000580793613477647
972,2.49726415001486e-09,1.55737589288647e-26,1.07678882297093e-14,0.000580143808625891
973,2.4958178349532e-09,1.5546715511008e-26,1.07674326704818e-14,0.000579495442897168
974,2.49437397029328e-09,1.55197491564997e-26,1.0766977895599e-14,0.000578848511537837
975,2.49293254919007e-09,1.54928595607599e-26,1.07665239028415e-14,0.000578203009815522
976,2.49149356482515e-09,1.5466046420746e-26,1.07660706899982e-14,0.000577558933018659
977,2.49005701040654e-09,1.54393094349439e-26,1.07656182548672e-14,0.000576916276455878
978,2.48862287916861e-09,1.54126483033578e-26,1.07651665952547e-14,0.000576275035456542
979,2.48719116437191e-09,1.53860627275016e-26,1.0764715708976e-14,0.000575635205370622
980,2.48576185930307e-09,1.53595524103892e-26,1.07642655938544e-14,0.000574996781568074
981,2.48433495727464e-09,1.53331170565258e-26,1.07638162477222e-14,0.000574359759439042
982,2.48291045162501e-09,1.53067563718982e-26,1.07633676684199e-14,0.000573724134393893
983,2.48148833571822e-09,1.52804700639663e-26,1.07629198537964e-14,0.000573089901862924
984,2.48006860294388e-09,1.52542578416538e-26,1.07624728017091e-14,0.000572457057296225
985,2.47865124671705e-09,1.52281194153395e-26,1.07620265100237e-14,0.000571825596163715
986,2.47723626047805e-09,1.52020544968482e-26,1.07615809766141e-14,0.000571195513954669
987,2.47582363769244e-09,1.51760627994424e-26,1.07611361993626e-14,0.000570566806178251
988,2.47441337185077e-09,1.51501440378127e-26,1.07606921761596e-14,0.000569939468362876
989,2.47300545646858e-09,1.51242979280704e-26,1.07602489049037e-14,0.000569313496056401
990,2.4715998850862e-09,1.50985241877376e-26,1.07598063835017e-14,0.000568688884825649
991,2.47019665126864e-09,1.50728225357396e-26,1.07593646098684e-14,0.000568065630256771
992,2.46879574860549e-09,1.5047192692396e-26,1.07589235819266e-14,0.000567443727954766
993,2.4673971707108e-09,1.50216343794125e-26,1.07584832976073e-14,0.000566823173543665
994,2.46600091122292e-09,1.49961473198724e-26,1.07580437548493e-14,0.000566203962666394
995,2.46460696380445e-09,1.49707312382281e-26,1.07576049515994e-14,0.000565586090984447
996,2.46321532214206e-09,1.49453858602936e-26,1.07571668858123e-14,0.000564969554177745
997,2.46182597994639e-09,1.49201109132353e-26,1.07567295554505e-14,0.000564354347945148
998,2.46043893095196e-09,1.48949061255648e-26,1.07562929584844e-14,0.000563740468003637
999,2.45905416891702e-09,1.48697712271304e-26,1.07558570928921e-14,0.000563127910088493
1000,2.45767168762346e-09,1.48447059491089e-26,1.07554219566595e-14,0.000562516669953142
1001,2.45629148087668e-09,1.48197100239982e-26,1.07549875477801e-14,0.000561906743369501
1002,2.45491354250547e-09,1.4794783185609e-26,1.07545538642552e-14,0.000561298126127151
1003,2.45353786636191e-09,1.4769925169057e-26,1.07541209040936e-14,0.000560690814033678
1004,2.45216444632128e-09,1.47451357107554e-26,1.07536886653118e-14,0.000560084802914347
1005,2.4507932762819e-09,1.47204145484068e-26,1.07532571459338e-14,0.00055948008861261
1006,2.44942435016503e-09,1.46957614209957e-26,1.07528263439911e-14,0.000558876666989276
1007,2.44805766191481e-09,1.46711760687809e-26,1.07523962575226e-14,0.000558274533922337
1008,2.44669320549808e-09,1.46466582332879e-26,1.07519668845749e-14,0.000557673685307989
1009,2.44533097490432e-09,1.46222076573016e-26,1.07515382232018e-14,0.000557074117059282
1010,2.44397096414551e-09,1.45978240848583e-26,1.07511102714644e-14,0.000556475825106456
1011,2.44261316725605e-09,1.45735072612388e-26,1.07506830274314e-14,0.000555878805397282
1012,2.44125757829263e-09,1.4549256932961e-26,1.07502564891785e-14,0.000555283053896549
1013,2.43990419133413e-09,1.45250728477722e-26,1.07498306547889e-14,0.000554688566585895
1014,2.43855300048153e-09,1.45009547546424e-26,1.07494055223529e-14,0.000554095339463799
1015,2.43720399985777e-09,1.44769024037566e-26,1.07489810899681e-14,0.00055350336854575
1016,2.4358571836077e-09,1.44529155465079e-26,1.07485573557391e-14,0.000552912649863897
1017,2.43451254589789e-09,1.44289939354905e-26,1.07481343177778e-14,0.000552323179467212
1018,2.43317008091663e-09,1.44051373244922e-26,1.0747711974203e-14,0.000551734953420805
1019,2.43182978287375e-09,1.4381345468488e-26,1.07472903231407e-14,0.00055114796780676
1020,2.43049164600054e-09,1.43576181236327e-26,1.0746869362724e-14,0.000550562218723108
1021,2.42915566454966e-09,1.43339550472541e-26,1.07464490910927e-14,0.00054997770228449
1022,2.42782183279503e-09,1.43103559978461e-26,1.07460295063939e-14,0.000549394414621469
1023,2.42649014503171e-09,1.42868207350622e-26,1.07456106067813e-14,0.000548812351881194
1024,2.42516059557586e-09,1.42633490197081e-26,1.07451923904158e-14,0.000548231510226191
1025,2.42383317876456e-09,1.42399406137357e-26,1.07447748554648e-14,0.000547651885835712
1026,2.42250788895577e-09,1.42165952802359e-26,1.07443580001029e-14,0.000547073474904356
1027,2.4211847205282e-09,1.41933127834322e-26,1.07439418225112e-14,0.000546496273642557
1028,2.41986366788123e-09,1.41700928886741e-26,1.07435263208778e-14,0.00054592027827691
1029,2.41854472543483e-09,1.41469353624303e-26,1.07431114933972e-14,0.000545345485048953
1030,2.4172278876294e-09,1.41238399722827e-26,1.0742697338271e-14,0.000544771890216342
1031,2.41591314892575e-09,1.41008064869196e-26,1.07422838537072e-14,0.000544199490052146
1032,2.41460050380494e-09,1.40778346761293e-26,1.07418710379204e-14,0.000543628280844479
1033,2.41328994676823e-09,1.40549243107939e-26,1.0741458889132e-14,0.000543058258896992
1034,2.41198147233698e-09,1.40320751628828e-26,1.07410474055698e-14,0.000542489420528671
1035,2.41067507505252e-09,1.40092870054466e-26,1.07406365854682e-14,0.000541921762073474
1036,2.4093707494761e-09,1.39865596126107e-26,1.07402264270681e-14,0.000541355279880642
1037,2.40806849018878e-09,1.39638927595693e-26,1.0739816928617e-14,0.000540789970314329
1038,2.40676829179132e-09,1.39412862225791e-26,1.07394080883685e-14,0.000540225829753401
1039,2.40547014890412e-09,1.3918739778953e-26,1.0738999904583e-14,0.000539662854591919
1040,2.40417405616713e-09,1.38962532070546e-26,1.07385923755272e-14,0.000539101041238424
1041,2.4028800082397e-09,1.38738262862918e-26,1.07381854994739e-14,0.000538540386116415
1042,2.40158799980057e-09,1.38514587971105e-26,1.07377792747025e-14,0.000537980885663976
1043,2.40029802554772e-09,1.38291505209895e-26,1.07373736994987e-14,0.000537422536333397
1044,2.39901008019832e-09,1.38069012404337e-26,1.07369687721542e-14,0.000536865334591998
1045,2.39772415848863e-09,1.37847107389689e-26,1.07365644909672e-14,0.000536309276921058
1046,2.39644025517388e-09,1.37625788011356e-26,1.0736160854242e-14,0.000535754359816472
1047,2.39515836502823e-09,1.37405052124833e-26,1.07357578602892e-14,0.00053520057978802
1048,2.39387848284466e-09,1.37184897595648e-26,1.07353555074253e-14,0.000534647933360017
1049,2.39260060343489e-09,1.36965322299306e-26,1.07349537939731e-14,0.000534096417070759
1050,2.39132472162927e-09,1.36746324121229e-26,1.07345527182616e-14,0.000533546027472824
1051,2.39005083227672e-09,1.36527900956704e-26,1.07341522786256e-14,0.000532996761132171
1052,2.38877893024466e-09,1.36310050710822e-26,1.07337524734061e-14,0.000532448614629126
1053,2.38750901041887e-09,1.36092771298428e-26,1.07333533009502e-14,0.000531901584558005
1054,2.38624106770346e-09,1.3587606064406e-26,1.07329547596106e-14,0.000531355667526366
1055,2.38497509702076e-09,1.356599166819e-26,1.07325568477465e-14,0.000530810860155665
1056,2.38371109331124e-09,1.35444337355714e-26,1.07321595637225e-14,0.000530267159081202
1057,2.38244905153343e-09,1.35229320618803e-26,1.07317629059095e-14,0.000529724560951563
1058,2.38118896666383e-09,1.35014864433944e-26,1.0731366872684e-14,0.000529183062428737
1059,2.37993083369684e-09,1.34800966773343e-26,1.07309714624286e-14,0.000528642660188768
1060,2.37867464764467e-09,1.34587625618576e-26,1.07305766735314e-14,0.00052810335092014
1061,2.37742040353726e-09,1.34374838960538e-26,1.07301825043866e-14,0.000527565131325116
1062,2.37616809642221e-09,1.34162604799392e-26,1.0729788953394e-14,0.00052702799811934
1063,2.37491772136467e-09,1.33950921144519e-26,1.07293960189592e-14,0.000526491948031264
1064,2.37366927344731e-09,1.33739786014459e-26,1.07290036994933e-14,0.000525956977802444
1065,2.37242274777018e-09,1.33529197436868e-26,1.07286119934135e-14,0.000525423084187656
1066,2.37117813945068e-09,1.33319153448461e-26,1.07282208991422e-14,0.000524890263954673
1067,2.36993544362346e-09,1.33109652094966e-26,1.07278304151079e-14,0.000524358513883682
1068,2.36869465544035e-09,1.3290069143107e-26,1.07274405397442e-14,0.000523827830768455
1069,2.36745577007026e-09,1.32692269520371e-26,1.07270512714908e-14,0.000523298211414713
1070,2.36621878269916e-09,1.32484384435328e-26,1.07266626087925e-14,0.000522769652641647
1071,2.36498368852992e-09,1.3227703425721e-26,1.07262745501e-14,0.000522242151280285
1072,2.3637504827823e-09,1.3207021707605e-26,1.07258870938693e-14,0.000521715704175005
1073,2.36251916069285e-09,1.31863930990596e-26,1.07255002385618e-14,0.000521190308182252
1074,2.36128971751484e-09,1.31658174108258e-26,1.07251139826446e-14,0.000520665960170826
1075,2.36006214851817e-09,1.31452944545067e-26,1.07247283245901e-14,0.000520142657022346
1076,2.35883644898932e-09,1.31248240425622e-26,1.0724343262876e-14,0.000519620395630313
1077,2.35761261423125e-09,1.31044059883045e-26,1.07239587959857e-14,0.000519099172900922
1078,2.35639063956335e-09,1.30840401058932e-26,1.07235749224077e-14,0.000518578985752124
1079,2.35517052032135e-09,1.30637262103309e-26,1.07231916406358e-14,0.000518059831114432
1080,2.35395225185724e-09,1.30434641174582e-26,1.07228089491692e-14,0.000517541705929986
1081,2.35273582953924e-09,1.30232536439494e-26,1.07224268465126e-14,0.000517024607153537
1082,2.35152124875167e-09,1.30030946073079e-26,1.07220453311755e-14,0.000516508531751323
1083,2.3503085048949e-09,1.29829868258613e-26,1.0721664401673e-14,0.000515993476701536
1084,2.34909759338532e-09,1.29629301187572e-26,1.07212840565253e-14,0.000515479438994599
1085,2.3478885096552e-09,1.29429243059586e-26,1.07209042942579e-14,0.000514966415632396
1086,2.34668124915266e-09,1.29229692082393e-26,1.07205251134012e-14,0.000514454403628553
1087,2.3454758073416e-09,1.29030646471798e-26,1.0720146512491e-14,0.000513943400008371
1088,2.34427217970161e-09,1.28832104451624e-26,1.07197684900681e-14,0.000513433401808925
1089,2.34307036172792e-09,1.28634064253672e-26,1.07193910446784e-14,0.000512924406078823
1090,2.34187034893132e-09,1.28436524117678e-26,1.0719014174873e-14,0.000512416409878127
1091,2.3406721368381e-09,1.28239482291265e-26,1.07186378792079e-14,0.000511909410278284
1092,2.33947572098996e-09,1.28042937029905e-26,1.07182621562443e-14,0.000511403404362226
1093,2.33828109694398e-09,1.27846886596872e-26,1.07178870045482e-14,0.000510898389224298
1094,2.33708826027251e-09,1.27651329263203e-26,1.07175124226907e-14,0.000510394361969828
1095,2.33589720656313e-09,1.27456263307655e-26,1.07171384092478e-14,0.000509891319715932
1096,2.33470793141859e-09,1.27261687016661e-26,1.07167649628007e-14,0.000509389259590205
1097,2.3335204304567e-09,1.27067598684292e-26,1.07163920819351e-14,0.000508888178732055
1098,2.33233469931031e-09,1.26873996612212e-26,1.07160197652419e-14,0.000508388074291385
1099,2.33115073362724e-09,1.26680879109638e-26,1.07156480113168e-14,0.000507888943429584
1100,2.32996852907016e-09,1.264882444933e-26,1.07152768187604e-14,0.000507390783318551
1101,2.32878808131662e-09,1.26296091087401e-26,1.0714906186178e-14,0.00050689359114151
1102,2.32760938605888e-09,1.26104417223575e-26,1.07145361121799e-14,0.000506397364092217
1103,2.32643243900393e-09,1.25913221240846e-26,1.07141665953809e-14,0.000505902099375587
1104,2.32525723587339e-09,1.25722501485591e-26,1.0713797634401e-14,0.000505407794206727
1105,2.32408377240342e-09,1.25532256311498e-26,1.07134292278645e-14,0.000504914445812272
1106,2.32291204434473e-09,1.25342484079531e-26,1.07130613744007e-14,0.000504422051428704
1107,2.32174204746242e-09,1.25153183157883e-26,1.07126940726436e-14,0.000503930608303512
1108,2.32057377753602e-09,1.24964351921944e-26,1.07123273212318e-14,0.000503440113694575
1109,2.31940723035935e-09,1.24775988754261e-26,1.07119611188085e-14,0.000502950564870609
1110,2.31824240174048e-09,1.24588092044498e-26,1.07115954640218e-14,0.000502461959110369
1111,2.31707928750168e-09,1.24400660189399e-26,1.07112303555242e-14,0.000501974293703278
1112,2.31591788347936e-09,1.24213691592748e-26,1.07108657919729e-14,0.000501487565948802
1113,2.31475818552398e-09,1.24027184665337e-26,1.07105017720295e-14,0.000501001773157256
1114,2.31360018950003e-09,1.23841137824922e-26,1.07101382943606e-14,0.000500516912648466
1115,2.31244389128593e-09,1.2365554949619e-26,1.07097753576368e-14,0.000500032981752929
1116,2.31128928677401e-09,1.2347041811072e-26,1.07094129605337e-14,0.000499549977811548
